t_s,count,theta_rad,x_m
0.0000,0,0.000000,0.000000
0.0020,0,0.000000,0.000000
0.0040,0,0.000000,0.000000
0.0080,0,0.000000,0.000000
0.0100,0,0.000000,0.000000
0.0120,0,0.000000,0.000000
0.0140,0,0.000000,0.000000
0.0170,0,0.000000,0.000000
0.0190,0,0.000000,0.000000
0.0210,0,0.000000,0.000000
0.0240,0,0.000000,0.000000
0.0260,0,0.000000,0.000000
0.0280,0,0.000000,0.000000
0.0300,0,0.000000,0.000000
0.0330,0,0.000000,0.000000
0.0350,0,0.000000,0.000000
0.0370,0,0.000000,0.000000
0.0390,0,0.000000,0.000000
0.0420,0,0.000000,0.000000
0.0440,0,0.000000,0.000000
0.0460,0,0.000000,0.000000
0.0500,0,0.000000,0.000000
0.0520,0,0.000000,0.000000
0.0540,0,0.000000,0.000000
0.0560,0,0.000000,0.000000
0.0590,0,0.000000,0.000000
0.0610,0,0.000000,0.000000
0.0630,0,0.000000,0.000000
0.0650,0,0.000000,0.000000
0.0680,0,0.000000,0.000000
0.0700,0,0.000000,0.000000
0.0720,0,0.000000,0.000000
0.0750,0,0.000000,0.000000
0.0770,0,0.000000,0.000000
0.0790,0,0.000000,0.000000
0.0810,0,0.000000,0.000000
0.0840,0,0.000000,0.000000
0.0860,0,0.000000,0.000000
0.0880,0,0.000000,0.000000
0.0900,0,0.000000,0.000000
0.0940,0,0.000000,0.000000
0.0960,0,0.000000,0.000000
0.0980,0,0.000000,0.000000
0.1010,0,0.000000,0.000000
0.1030,0,0.000000,0.000000
0.1050,0,0.000000,0.000000
0.1070,0,0.000000,0.000000
0.1100,0,0.000000,0.000000
0.1120,0,0.000000,0.000000
0.1140,0,0.000000,0.000000
0.1160,0,0.000000,0.000000
0.1190,0,0.000000,0.000000
0.1210,0,0.000000,0.000000
0.1230,0,0.000000,0.000000
0.1260,0,0.000000,0.000000
0.1280,0,0.000000,0.000000
0.1300,0,0.000000,0.000000
0.1320,0,0.000000,0.000000
0.1360,0,0.000000,0.000000
0.1380,0,0.000000,0.000000
0.1400,0,0.000000,0.000000
0.1430,0,0.000000,0.000000
0.1450,0,0.000000,0.000000
0.1470,0,0.000000,0.000000
0.1500,0,0.000000,0.000000
0.1520,0,0.000000,0.000000
0.1540,0,0.000000,0.000000
0.1570,0,0.000000,0.000000
0.1590,0,0.000000,0.000000
0.1610,0,0.000000,0.000000
0.1640,0,0.000000,0.000000
0.1660,0,0.000000,0.000000
0.1680,0,0.000000,0.000000
0.1710,0,0.000000,0.000000
0.1730,0,0.000000,0.000000
0.1750,0,0.000000,0.000000
0.1790,0,0.000000,0.000000
0.1810,0,0.000000,0.000000
0.1830,0,0.000000,0.000000
0.1860,0,0.000000,0.000000
0.1880,0,0.000000,0.000000
0.1900,0,0.000000,0.000000
0.1930,0,0.000000,0.000000
0.1950,0,0.000000,0.000000
0.1970,0,0.000000,0.000000
0.2000,0,0.000000,0.000000
0.2020,0,0.000000,0.000000
0.2040,0,0.000000,0.000000
0.2070,0,0.000000,0.000000
0.2090,0,0.000000,0.000000
0.2110,0,0.000000,0.000000
0.2140,0,0.000000,0.000000
0.2160,0,0.000000,0.000000
0.2180,0,0.000000,0.000000
0.2210,0,0.000000,0.000000
0.2240,0,0.000000,0.000000
0.2260,0,0.000000,0.000000
0.2280,0,0.000000,0.000000
0.2310,0,0.000000,0.000000
0.2330,0,0.000000,0.000000
0.2350,0,0.000000,0.000000
0.2380,0,0.000000,0.000000
0.2400,0,0.000000,0.000000
0.2420,0,0.000000,0.000000
0.2450,0,0.000000,0.000000
0.2470,0,0.000000,0.000000
0.2490,0,0.000000,0.000000
0.2520,0,0.000000,0.000000
0.2540,0,0.000000,0.000000
0.2560,0,0.000000,0.000000
0.2590,0,0.000000,0.000000
0.2610,0,0.000000,0.000000
0.2640,0,0.000000,0.000000
0.2670,0,0.000000,0.000000
0.2690,0,0.000000,0.000000
0.2710,0,0.000000,0.000000
0.2740,0,0.000000,0.000000
0.2760,0,0.000000,0.000000
0.2780,0,0.000000,0.000000
0.2810,0,0.000000,0.000000
0.2830,0,0.000000,0.000000
0.2850,0,0.000000,0.000000
0.2880,0,0.000000,0.000000
0.2900,0,0.000000,0.000000
0.2920,0,0.000000,0.000000
0.2950,0,0.000000,0.000000
0.2970,0,0.000000,0.000000
0.2990,0,0.000000,0.000000
0.3020,0,0.000000,0.000000
0.3050,0,0.000000,0.000000
0.3070,0,0.000000,0.000000
0.3090,0,0.000000,0.000000
0.3120,0,0.000000,0.000000
0.3140,0,0.000000,0.000000
0.3160,0,0.000000,0.000000
0.3190,0,0.000000,0.000000
0.3210,0,0.000000,0.000000
0.3230,0,0.000000,0.000000
0.3260,0,0.000000,0.000000
0.3280,0,0.000000,0.000000
0.3300,0,0.000000,0.000000
0.3330,0,0.000000,0.000000
0.3350,0,0.000000,0.000000
0.3370,0,0.000000,0.000000
0.3400,0,0.000000,0.000000
0.3420,0,0.000000,0.000000
0.3440,0,0.000000,0.000000
0.3480,0,0.000000,0.000000
0.3500,0,0.000000,0.000000
0.3520,0,0.000000,0.000000
0.3550,0,0.000000,0.000000
0.3570,0,0.000000,0.000000
0.3590,0,0.000000,0.000000
0.3620,0,0.000000,0.000000
0.3640,0,0.000000,0.000000
0.3660,0,0.000000,0.000000
0.3690,0,0.000000,0.000000
0.3710,0,0.000000,0.000000
0.3730,0,0.000000,0.000000
0.3760,0,0.000000,0.000000
0.3780,0,0.000000,0.000000
0.3800,0,0.000000,0.000000
0.3830,0,0.000000,0.000000
0.3850,0,0.000000,0.000000
0.3870,0,0.000000,0.000000
0.3910,0,0.000000,0.000000
0.3930,0,0.000000,0.000000
0.3950,0,0.000000,0.000000
0.3970,0,0.000000,0.000000
0.4000,0,0.000000,0.000000
0.4020,0,0.000000,0.000000
0.4040,0,0.000000,0.000000
0.4070,0,0.000000,0.000000
0.4090,0,0.000000,0.000000
0.4110,0,0.000000,0.000000
0.4140,0,0.000000,0.000000
0.4160,0,0.000000,0.000000
0.4180,0,0.000000,0.000000
0.4210,0,0.000000,0.000000
0.4230,0,0.000000,0.000000
0.4250,0,0.000000,0.000000
0.4280,0,0.000000,0.000000
0.4300,0,0.000000,0.000000
0.4330,0,0.000000,0.000000
0.4360,0,0.000000,0.000000
0.4380,0,0.000000,0.000000
0.4400,0,0.000000,0.000000
0.4430,0,0.000000,0.000000
0.4450,0,0.000000,0.000000
0.4470,0,0.000000,0.000000
0.4500,0,0.000000,0.000000
0.4520,0,0.000000,0.000000
0.4540,0,0.000000,0.000000
0.4570,0,0.000000,0.000000
0.4590,0,0.000000,0.000000
0.4610,0,0.000000,0.000000
0.4640,0,0.000000,0.000000
0.4660,0,0.000000,0.000000
0.4680,0,0.000000,0.000000
0.4710,0,0.000000,0.000000
0.4730,0,0.000000,0.000000
0.4760,0,0.000000,0.000000
0.4790,0,0.000000,0.000000
0.4810,0,0.000000,0.000000
0.4830,0,0.000000,0.000000
0.4850,0,0.000000,0.000000
0.4880,0,0.000000,0.000000
0.4900,0,0.000000,0.000000
0.4920,0,0.000000,0.000000
0.4950,0,0.000000,0.000000
0.4970,0,0.000000,0.000000
0.4990,0,0.000000,0.000000
0.5020,0,0.000000,0.000000
0.5040,0,0.000000,0.000000
0.5060,0,0.000000,0.000000
0.5090,0,0.000000,0.000000
0.5110,0,0.000000,0.000000
0.5130,0,0.000000,0.000000
0.5160,0,0.000000,0.000000
0.5190,0,0.000000,0.000000
0.5210,0,0.000000,0.000000
0.5240,0,0.000000,0.000000
0.5260,0,0.000000,0.000000
0.5280,0,0.000000,0.000000
0.5310,0,0.000000,0.000000
0.5330,0,0.000000,0.000000
0.5350,0,0.000000,0.000000
0.5380,0,0.000000,0.000000
0.5400,0,0.000000,0.000000
0.5420,0,0.000000,0.000000
0.5450,0,0.000000,0.000000
0.5470,0,0.000000,0.000000
0.5490,0,0.000000,0.000000
0.5520,0,0.000000,0.000000
0.5540,0,0.000000,0.000000
0.5560,0,0.000000,0.000000
0.5590,0,0.000000,0.000000
0.5620,0,0.000000,0.000000
0.5640,0,0.000000,0.000000
0.5660,0,0.000000,0.000000
0.5690,0,0.000000,0.000000
0.5710,0,0.000000,0.000000
0.5730,0,0.000000,0.000000
0.5760,0,0.000000,0.000000
0.5780,0,0.000000,0.000000
0.5800,0,0.000000,0.000000
0.5830,0,0.000000,0.000000
0.5850,0,0.000000,0.000000
0.5870,0,0.000000,0.000000
0.5900,0,0.000000,0.000000
0.5920,0,0.000000,0.000000
0.5940,0,0.000000,0.000000
0.5970,0,0.000000,0.000000
0.5990,0,0.000000,0.000000
0.6010,0,0.000000,0.000000
0.6050,0,0.000000,0.000000
0.6070,0,0.000000,0.000000
0.6090,0,0.000000,0.000000
0.6120,0,0.000000,0.000000
0.6140,0,0.000000,0.000000
0.6160,0,0.000000,0.000000
0.6210,0,0.000000,0.000000
0.6310,0,0.000000,0.000000
0.6410,0,0.000000,0.000000
0.6510,0,0.000000,0.000000
0.6610,0,0.000000,0.000000
0.6710,0,0.000000,0.000000
0.6810,0,0.000000,0.000000
0.6910,0,0.000000,0.000000
0.7010,0,0.000000,0.000000
0.7110,0,0.000000,0.000000
0.7210,0,0.000000,0.000000
0.7320,0,0.000000,0.000000
0.7410,0,0.000000,0.000000
0.7510,0,0.000000,0.000000
0.7610,0,0.000000,0.000000
0.7710,0,0.000000,0.000000
0.7810,0,0.000000,0.000000
0.7910,0,0.000000,0.000000
0.8010,0,0.000000,0.000000
0.8110,0,0.000000,0.000000
0.8210,0,0.000000,0.000000
0.8310,0,0.000000,0.000000
0.8410,0,0.000000,0.000000
0.8510,0,0.000000,0.000000
0.8610,0,0.000000,0.000000
0.8710,0,0.000000,0.000000
0.8810,0,0.000000,0.000000
0.8910,0,0.000000,0.000000
0.9010,0,0.000000,0.000000
0.9110,0,0.000000,0.000000
0.9210,0,0.000000,0.000000
0.9310,0,0.000000,0.000000
0.9410,0,0.000000,0.000000
0.9510,0,0.000000,0.000000
0.9610,0,0.000000,0.000000
0.9710,0,0.000000,0.000000
0.9810,0,0.000000,0.000000
0.9910,0,0.000000,0.000000
1.0010,0,0.000000,0.000000
1.0110,0,0.000000,0.000000
1.0210,0,0.000000,0.000000
1.0310,0,0.000000,0.000000
1.0410,0,0.000000,0.000000
1.0510,0,0.000000,0.000000
1.0610,0,0.000000,0.000000
1.0710,0,0.000000,0.000000
1.0810,0,0.000000,0.000000
1.0910,0,0.000000,0.000000
1.1010,0,0.000000,0.000000
1.1110,0,0.000000,0.000000
1.1210,0,0.000000,0.000000
1.1310,0,0.000000,0.000000
1.1410,0,0.000000,0.000000
1.1510,0,0.000000,0.000000
1.1610,0,0.000000,0.000000
1.1710,0,0.000000,0.000000
1.1810,0,0.000000,0.000000
1.1910,0,0.000000,0.000000
1.2010,0,0.000000,0.000000
1.2110,0,0.000000,0.000000
1.2210,0,0.000000,0.000000
1.2310,0,0.000000,0.000000
1.2410,0,0.000000,0.000000
1.2510,0,0.000000,0.000000
1.2610,0,0.000000,0.000000
1.2710,0,0.000000,0.000000
1.2810,0,0.000000,0.000000
1.2910,0,0.000000,0.000000
1.3010,0,0.000000,0.000000
1.3110,0,0.000000,0.000000
1.3210,0,0.000000,0.000000
1.3310,0,0.000000,0.000000
1.3410,0,0.000000,0.000000
1.3510,0,0.000000,0.000000
1.3610,0,0.000000,0.000000
1.3720,0,0.000000,0.000000
1.3810,0,0.000000,0.000000
1.3910,0,0.000000,0.000000
1.4010,0,0.000000,0.000000
1.4110,0,0.000000,0.000000
1.4210,0,0.000000,0.000000
1.4310,0,0.000000,0.000000
1.4410,0,0.000000,0.000000
1.4510,0,0.000000,0.000000
1.4610,0,0.000000,0.000000
1.4710,0,0.000000,0.000000
1.4810,0,0.000000,0.000000
1.4910,0,0.000000,0.000000
1.5010,0,0.000000,0.000000
1.5110,0,0.000000,0.000000
1.5210,0,0.000000,0.000000
1.5310,0,0.000000,0.000000
1.5410,0,0.000000,0.000000
1.5510,0,0.000000,0.000000
1.5610,0,0.000000,0.000000
1.5710,0,0.000000,0.000000
1.5810,0,0.000000,0.000000
1.5910,0,0.000000,0.000000
1.6010,0,0.000000,0.000000
1.6110,0,0.000000,0.000000
1.6210,0,0.000000,0.000000
1.6310,0,0.000000,0.000000
1.6410,0,0.000000,0.000000
1.6510,0,0.000000,0.000000
1.6610,0,0.000000,0.000000
1.6710,0,0.000000,0.000000
1.6810,0,0.000000,0.000000
1.6910,0,0.000000,0.000000
1.7010,0,0.000000,0.000000
1.7110,0,0.000000,0.000000
1.7210,0,0.000000,0.000000
1.7310,0,0.000000,0.000000
1.7410,0,0.000000,0.000000
1.7510,0,0.000000,0.000000
1.7610,0,0.000000,0.000000
1.7710,0,0.000000,0.000000
1.7810,0,0.000000,0.000000
1.7910,0,0.000000,0.000000
1.8010,0,0.000000,0.000000
1.8110,0,0.000000,0.000000
1.8210,0,0.000000,0.000000
1.8310,0,0.000000,0.000000
1.8410,0,0.000000,0.000000
1.8510,0,0.000000,0.000000
1.8610,0,0.000000,0.000000
1.8710,0,0.000000,0.000000
1.8810,0,0.000000,0.000000
1.8910,0,0.000000,0.000000
1.9010,0,0.000000,0.000000
1.9110,0,0.000000,0.000000
1.9210,0,0.000000,0.000000
1.9310,0,0.000000,0.000000
1.9410,0,0.000000,0.000000
1.9510,0,0.000000,0.000000
1.9610,0,0.000000,0.000000
1.9710,0,0.000000,0.000000
1.9810,0,0.000000,0.000000
1.9910,0,0.000000,0.000000
2.0010,0,0.000000,0.000000
2.0120,0,0.000000,0.000000
2.0210,0,0.000000,0.000000
2.0310,0,0.000000,0.000000
2.0410,0,0.000000,0.000000
2.0510,0,0.000000,0.000000
2.0610,0,0.000000,0.000000
2.0710,0,0.000000,0.000000
2.0810,0,0.000000,0.000000
2.0910,0,0.000000,0.000000
2.1010,0,0.000000,0.000000
2.1110,0,0.000000,0.000000
2.1210,0,0.000000,0.000000
2.1310,0,0.000000,0.000000
2.1410,0,0.000000,0.000000
2.1510,0,0.000000,0.000000
2.1610,0,0.000000,0.000000
2.1710,0,0.000000,0.000000
2.1810,0,0.000000,0.000000
2.1910,0,0.000000,0.000000
2.2010,0,0.000000,0.000000
2.2110,0,0.000000,0.000000
2.2210,0,0.000000,0.000000
2.2310,0,0.000000,0.000000
2.2410,0,0.000000,0.000000
2.2510,0,0.000000,0.000000
2.2610,0,0.000000,0.000000
2.2710,0,0.000000,0.000000
2.2810,0,0.000000,0.000000
2.2910,0,0.000000,0.000000
2.3010,0,0.000000,0.000000
2.3110,0,0.000000,0.000000
2.3210,0,0.000000,0.000000
2.3310,0,0.000000,0.000000
2.3410,0,0.000000,0.000000
2.3510,0,0.000000,0.000000
2.3610,0,0.000000,0.000000
2.3710,0,0.000000,0.000000
2.3810,0,0.000000,0.000000
2.3910,0,0.000000,0.000000
2.4010,0,0.000000,0.000000
2.4110,0,0.000000,0.000000
2.4210,0,0.000000,0.000000
2.4310,0,0.000000,0.000000
2.4410,0,0.000000,0.000000
2.4510,0,0.000000,0.000000
2.4610,0,0.000000,0.000000
2.4710,0,0.000000,0.000000
2.4810,0,0.000000,0.000000
2.4910,0,0.000000,0.000000
2.5010,0,0.000000,0.000000
2.5110,0,0.000000,0.000000
2.5210,0,0.000000,0.000000
2.5310,0,0.000000,0.000000
2.5410,0,0.000000,0.000000
2.5510,0,0.000000,0.000000
2.5610,0,0.000000,0.000000
2.5710,0,0.000000,0.000000
2.5810,0,0.000000,0.000000
2.5910,0,0.000000,0.000000
2.6010,0,0.000000,0.000000
2.6110,0,0.000000,0.000000
2.6210,0,0.000000,0.000000
2.6310,0,0.000000,0.000000
2.6410,0,0.000000,0.000000
2.6520,0,0.000000,0.000000
2.6610,0,0.000000,0.000000
2.6710,0,0.000000,0.000000
2.6810,0,0.000000,0.000000
2.6910,0,0.000000,0.000000
2.7010,0,0.000000,0.000000
2.7110,0,0.000000,0.000000
2.7210,0,0.000000,0.000000
2.7310,0,0.000000,0.000000
2.7410,0,0.000000,0.000000
2.7510,0,0.000000,0.000000
2.7610,0,0.000000,0.000000
2.7710,0,0.000000,0.000000
2.7810,0,0.000000,0.000000
2.7910,0,0.000000,0.000000
2.8010,0,0.000000,0.000000
2.8110,0,0.000000,0.000000
2.8210,0,0.000000,0.000000
2.8310,0,0.000000,0.000000
2.8410,0,0.000000,0.000000
2.8510,0,0.000000,0.000000
2.8610,0,0.000000,0.000000
2.8710,0,0.000000,0.000000
2.8810,0,0.000000,0.000000
2.8910,0,0.000000,0.000000
2.9010,0,0.000000,0.000000
2.9110,0,0.000000,0.000000
2.9210,0,0.000000,0.000000
2.9310,0,0.000000,0.000000
2.9410,0,0.000000,0.000000
2.9510,0,0.000000,0.000000
2.9610,0,0.000000,0.000000
2.9710,0,0.000000,0.000000
2.9810,0,0.000000,0.000000
2.9910,0,0.000000,0.000000
3.0010,0,0.000000,0.000000
3.0110,0,0.000000,0.000000
3.0210,0,0.000000,0.000000
3.0310,0,0.000000,0.000000
3.0410,0,0.000000,0.000000
3.0510,0,0.000000,0.000000
3.0610,0,0.000000,0.000000
3.0710,0,0.000000,0.000000
3.0810,0,0.000000,0.000000
3.0910,0,0.000000,0.000000
3.1010,0,0.000000,0.000000
3.1110,0,0.000000,0.000000
3.1210,0,0.000000,0.000000
3.1310,0,0.000000,0.000000
3.1410,0,0.000000,0.000000
3.1510,0,0.000000,0.000000
3.1610,0,0.000000,0.000000
3.1710,0,0.000000,0.000000
3.1810,0,0.000000,0.000000
3.1910,0,0.000000,0.000000
3.2010,0,0.000000,0.000000
3.2110,0,0.000000,0.000000
3.2210,0,0.000000,0.000000
3.2310,0,0.000000,0.000000
3.2410,0,0.000000,0.000000
3.2510,0,0.000000,0.000000
3.2610,0,0.000000,0.000000
3.2710,0,0.000000,0.000000
3.2810,0,0.000000,0.000000
3.2920,0,0.000000,0.000000
3.3010,0,0.000000,0.000000
3.3110,0,0.000000,0.000000
3.3210,0,0.000000,0.000000
3.3310,0,0.000000,0.000000
3.3410,0,0.000000,0.000000
3.3510,0,0.000000,0.000000
3.3610,0,0.000000,0.000000
3.3710,0,0.000000,0.000000
3.3810,0,0.000000,0.000000
3.3910,0,0.000000,0.000000
3.4010,0,0.000000,0.000000
3.4110,0,0.000000,0.000000
3.4210,0,0.000000,0.000000
3.4310,0,0.000000,0.000000
3.4410,0,0.000000,0.000000
3.4510,0,0.000000,0.000000
3.4610,0,0.000000,0.000000
3.4710,0,0.000000,0.000000
3.4810,0,0.000000,0.000000
3.4910,0,0.000000,0.000000
3.5010,0,0.000000,0.000000
3.5110,0,0.000000,0.000000
3.5210,0,0.000000,0.000000
3.5310,0,0.000000,0.000000
3.5410,0,0.000000,0.000000
3.5510,0,0.000000,0.000000
3.5610,0,0.000000,0.000000
3.5710,0,0.000000,0.000000
3.5810,0,0.000000,0.000000
3.5910,0,0.000000,0.000000
3.6010,0,0.000000,0.000000
3.6110,0,0.000000,0.000000
3.6210,0,0.000000,0.000000
3.6310,0,0.000000,0.000000
3.6410,0,0.000000,0.000000
3.6510,0,0.000000,0.000000
3.6610,0,0.000000,0.000000
3.6710,0,0.000000,0.000000
3.6810,0,0.000000,0.000000
3.6910,0,0.000000,0.000000
3.7010,0,0.000000,0.000000
3.7110,0,0.000000,0.000000
3.7210,0,0.000000,0.000000
3.7310,0,0.000000,0.000000
3.7410,0,0.000000,0.000000
3.7510,0,0.000000,0.000000
3.7610,0,0.000000,0.000000
3.7710,0,0.000000,0.000000
3.7810,0,0.000000,0.000000
3.7910,0,0.000000,0.000000
3.8010,0,0.000000,0.000000
3.8110,0,0.000000,0.000000
3.8210,0,0.000000,0.000000
3.8310,0,0.000000,0.000000
3.8410,0,0.000000,0.000000
3.8510,0,0.000000,0.000000
3.8610,0,0.000000,0.000000
3.8710,0,0.000000,0.000000
3.8810,0,0.000000,0.000000
3.8910,0,0.000000,0.000000
3.9010,0,0.000000,0.000000
3.9110,0,0.000000,0.000000
3.9210,0,0.000000,0.000000
3.9320,0,0.000000,0.000000
3.9410,0,0.000000,0.000000
3.9510,0,0.000000,0.000000
3.9610,0,0.000000,0.000000
3.9710,0,0.000000,0.000000
3.9810,0,0.000000,0.000000
3.9910,0,0.000000,0.000000
4.0010,0,0.000000,0.000000
4.0110,0,0.000000,0.000000
4.0210,0,0.000000,0.000000
4.0310,0,0.000000,0.000000
4.0410,0,0.000000,0.000000
4.0510,0,0.000000,0.000000
4.0610,0,0.000000,0.000000
4.0710,0,0.000000,0.000000
4.0810,0,0.000000,0.000000
4.0910,0,0.000000,0.000000
4.1010,0,0.000000,0.000000
4.1110,0,0.000000,0.000000
4.1210,0,0.000000,0.000000
4.1310,0,0.000000,0.000000
4.1410,0,0.000000,0.000000
4.1510,0,0.000000,0.000000
4.1610,0,0.000000,0.000000
4.1710,0,0.000000,0.000000
4.1810,0,0.000000,0.000000
4.1910,0,0.000000,0.000000
4.2010,0,0.000000,0.000000
4.2110,0,0.000000,0.000000
4.2210,0,0.000000,0.000000
4.2310,0,0.000000,0.000000
4.2410,0,0.000000,0.000000
4.2510,0,0.000000,0.000000
4.2610,0,0.000000,0.000000
4.2710,0,0.000000,0.000000
4.2810,0,0.000000,0.000000
4.2910,0,0.000000,0.000000
4.3010,0,0.000000,0.000000
4.3110,0,0.000000,0.000000
4.3210,0,0.000000,0.000000
4.3310,0,0.000000,0.000000
4.3410,0,0.000000,0.000000
4.3510,0,0.000000,0.000000
4.3610,0,0.000000,0.000000
4.3710,0,0.000000,0.000000
4.3810,0,0.000000,0.000000
4.3910,0,0.000000,0.000000
4.4010,0,0.000000,0.000000
4.4110,0,0.000000,0.000000
4.4210,0,0.000000,0.000000
4.4310,0,0.000000,0.000000
4.4410,0,0.000000,0.000000
4.4510,0,0.000000,0.000000
4.4610,0,0.000000,0.000000
4.4710,0,0.000000,0.000000
4.4810,0,0.000000,0.000000
4.4910,0,0.000000,0.000000
4.5010,0,0.000000,0.000000
4.5110,0,0.000000,0.000000
4.5210,0,0.000000,0.000000
4.5310,0,0.000000,0.000000
4.5410,0,0.000000,0.000000
4.5510,0,0.000000,0.000000
4.5610,0,0.000000,0.000000
4.5720,0,0.000000,0.000000
4.5810,0,0.000000,0.000000
4.5910,0,0.000000,0.000000
4.6010,0,0.000000,0.000000
4.6110,0,0.000000,0.000000
4.6210,0,0.000000,0.000000
4.6310,0,0.000000,0.000000
4.6410,0,0.000000,0.000000
4.6510,0,0.000000,0.000000
4.6610,0,0.000000,0.000000
4.6710,0,0.000000,0.000000
4.6810,0,0.000000,0.000000
4.6910,0,0.000000,0.000000
4.7010,0,0.000000,0.000000
4.7110,0,0.000000,0.000000
4.7210,0,0.000000,0.000000
4.7310,0,0.000000,0.000000
4.7410,0,0.000000,0.000000
4.7510,0,0.000000,0.000000
4.7610,0,0.000000,0.000000
4.7710,0,0.000000,0.000000
4.7810,0,0.000000,0.000000
4.7910,0,0.000000,0.000000
4.8010,0,0.000000,0.000000
4.8110,0,0.000000,0.000000
4.8210,0,0.000000,0.000000
4.8310,0,0.000000,0.000000
4.8410,0,0.000000,0.000000
4.8510,0,0.000000,0.000000
4.8610,0,0.000000,0.000000
4.8710,0,0.000000,0.000000
4.8810,0,0.000000,0.000000
4.8910,0,0.000000,0.000000
4.9010,0,0.000000,0.000000
4.9110,0,0.000000,0.000000
4.9210,0,0.000000,0.000000
4.9310,0,0.000000,0.000000
4.9410,0,0.000000,0.000000
4.9510,0,0.000000,0.000000
4.9610,0,0.000000,0.000000
4.9710,0,0.000000,0.000000
4.9810,0,0.000000,0.000000
4.9910,0,0.000000,0.000000
5.0010,0,0.000000,0.000000
5.0110,0,0.000000,0.000000
5.0210,0,0.000000,0.000000
5.0310,0,0.000000,0.000000
5.0410,0,0.000000,0.000000
5.0510,0,0.000000,0.000000
5.0610,0,0.000000,0.000000
5.0710,0,0.000000,0.000000
5.0810,0,0.000000,0.000000
5.0910,0,0.000000,0.000000
5.1010,0,0.000000,0.000000
5.1110,0,0.000000,0.000000
5.1210,0,0.000000,0.000000
5.1310,0,0.000000,0.000000
5.1410,0,0.000000,0.000000
5.1510,0,0.000000,0.000000
5.1610,0,0.000000,0.000000
5.1710,0,0.000000,0.000000
5.1810,0,0.000000,0.000000
5.1910,0,0.000000,0.000000
5.2010,0,0.000000,0.000000
5.2120,0,0.000000,0.000000
5.2210,0,0.000000,0.000000
5.2310,0,0.000000,0.000000
5.2410,0,0.000000,0.000000
5.2510,0,0.000000,0.000000
5.2610,0,0.000000,0.000000
5.2710,0,0.000000,0.000000
5.2810,0,0.000000,0.000000
5.2910,0,0.000000,0.000000
5.3010,0,0.000000,0.000000
5.3110,0,0.000000,0.000000
5.3210,0,0.000000,0.000000
5.3310,0,0.000000,0.000000
5.3410,0,0.000000,0.000000
5.3510,0,0.000000,0.000000
5.3610,0,0.000000,0.000000
5.3710,0,0.000000,0.000000
5.3810,0,0.000000,0.000000
5.3910,0,0.000000,0.000000
5.4010,0,0.000000,0.000000
5.4110,0,0.000000,0.000000
5.4210,0,0.000000,0.000000
5.4310,0,0.000000,0.000000
5.4410,0,0.000000,0.000000
5.4510,0,0.000000,0.000000
5.4610,0,0.000000,0.000000
5.4710,0,0.000000,0.000000
5.4810,0,0.000000,0.000000
5.4910,0,0.000000,0.000000
5.5010,0,0.000000,0.000000
5.5110,0,0.000000,0.000000
5.5210,0,0.000000,0.000000
5.5310,0,0.000000,0.000000
5.5410,0,0.000000,0.000000
5.5510,0,0.000000,0.000000
5.5610,0,0.000000,0.000000
5.5710,0,0.000000,0.000000
5.5810,0,0.000000,0.000000
5.5910,0,0.000000,0.000000
5.6010,0,0.000000,0.000000
5.6110,0,0.000000,0.000000
5.6210,0,0.000000,0.000000
5.6310,0,0.000000,0.000000
5.6410,0,0.000000,0.000000
5.6510,0,0.000000,0.000000
5.6610,0,0.000000,0.000000
5.6710,0,0.000000,0.000000
5.6810,0,0.000000,0.000000
5.6910,0,0.000000,0.000000
5.7010,0,0.000000,0.000000
5.7110,0,0.000000,0.000000
5.7210,0,0.000000,0.000000
5.7310,0,0.000000,0.000000
5.7410,0,0.000000,0.000000
5.7510,0,0.000000,0.000000
5.7610,0,0.000000,0.000000
5.7710,0,0.000000,0.000000
5.7810,0,0.000000,0.000000
5.7910,0,0.000000,0.000000
5.8010,0,0.000000,0.000000
5.8110,0,0.000000,0.000000
5.8210,0,0.000000,0.000000
5.8310,0,0.000000,0.000000
5.8410,0,0.000000,0.000000
5.8520,0,0.000000,0.000000
5.8610,0,0.000000,0.000000
5.8710,0,0.000000,0.000000
5.8810,0,0.000000,0.000000
5.8910,0,0.000000,0.000000
5.9010,0,0.000000,0.000000
5.9110,0,0.000000,0.000000
5.9210,0,0.000000,0.000000
5.9310,0,0.000000,0.000000
5.9410,0,0.000000,0.000000
5.9510,0,0.000000,0.000000
5.9610,0,0.000000,0.000000
5.9710,0,0.000000,0.000000
5.9810,0,0.000000,0.000000
5.9910,0,0.000000,0.000000
6.0010,0,0.000000,0.000000
6.0110,0,0.000000,0.000000
6.0210,0,0.000000,0.000000
6.0310,0,0.000000,0.000000
6.0410,0,0.000000,0.000000
6.0510,0,0.000000,0.000000
6.0610,0,0.000000,0.000000
6.0710,0,0.000000,0.000000
6.0810,0,0.000000,0.000000
6.0910,0,0.000000,0.000000
6.1010,0,0.000000,0.000000
6.1110,0,0.000000,0.000000
6.1210,0,0.000000,0.000000
6.1310,0,0.000000,0.000000
6.1410,0,0.000000,0.000000
6.1510,0,0.000000,0.000000
6.1610,0,0.000000,0.000000
6.1710,0,0.000000,0.000000
6.1810,0,0.000000,0.000000
6.1910,0,0.000000,0.000000
6.2010,0,0.000000,0.000000
6.2110,0,0.000000,0.000000
6.2210,0,0.000000,0.000000
6.2310,0,0.000000,0.000000
6.2410,0,0.000000,0.000000
6.2510,0,0.000000,0.000000
6.2610,0,0.000000,0.000000
6.2710,0,0.000000,0.000000
6.2810,0,0.000000,0.000000
6.2910,0,0.000000,0.000000
6.3010,0,0.000000,0.000000
6.3110,0,0.000000,0.000000
6.3210,0,0.000000,0.000000
6.3310,0,0.000000,0.000000
6.3410,0,0.000000,0.000000
6.3510,0,0.000000,0.000000
6.3610,0,0.000000,0.000000
6.3710,0,0.000000,0.000000
6.3810,0,0.000000,0.000000
6.3910,0,0.000000,0.000000
6.4010,0,0.000000,0.000000
6.4110,0,0.000000,0.000000
6.4210,0,0.000000,0.000000
6.4310,0,0.000000,0.000000
6.4410,0,0.000000,0.000000
6.4510,0,0.000000,0.000000
6.4610,0,0.000000,0.000000
6.4710,0,0.000000,0.000000
6.4810,0,0.000000,0.000000
6.4920,0,0.000000,0.000000
6.5010,0,0.000000,0.000000
6.5110,0,0.000000,0.000000
6.5210,0,0.000000,0.000000
6.5310,0,0.000000,0.000000
6.5410,0,0.000000,0.000000
6.5510,0,0.000000,0.000000
6.5610,0,0.000000,0.000000
6.5710,0,0.000000,0.000000
6.5810,0,0.000000,0.000000
6.5910,0,0.000000,0.000000
6.6010,0,0.000000,0.000000
6.6110,0,0.000000,0.000000
6.6210,0,0.000000,0.000000
6.6310,0,0.000000,0.000000
6.6410,0,0.000000,0.000000
6.6510,0,0.000000,0.000000
6.6610,0,0.000000,0.000000
6.6710,0,0.000000,0.000000
6.6810,0,0.000000,0.000000
6.6910,0,0.000000,0.000000
6.7010,0,0.000000,0.000000
6.7110,0,0.000000,0.000000
6.7210,0,0.000000,0.000000
6.7310,0,0.000000,0.000000
6.7410,0,0.000000,0.000000
6.7510,0,0.000000,0.000000
6.7610,0,0.000000,0.000000
6.7710,0,0.000000,0.000000
6.7810,0,0.000000,0.000000
6.7910,0,0.000000,0.000000
6.8010,0,0.000000,0.000000
6.8110,0,0.000000,0.000000
6.8210,0,0.000000,0.000000
6.8310,0,0.000000,0.000000
6.8410,0,0.000000,0.000000
6.8510,0,0.000000,0.000000
6.8610,0,0.000000,0.000000
6.8710,0,0.000000,0.000000
6.8810,0,0.000000,0.000000
6.8910,0,0.000000,0.000000
6.9010,0,0.000000,0.000000
6.9110,0,0.000000,0.000000
6.9210,0,0.000000,0.000000
6.9310,0,0.000000,0.000000
6.9410,0,0.000000,0.000000
6.9510,0,0.000000,0.000000
6.9610,0,0.000000,0.000000
6.9710,0,0.000000,0.000000
6.9810,0,0.000000,0.000000
6.9910,0,0.000000,0.000000
7.0010,0,0.000000,0.000000
7.0110,0,0.000000,0.000000
7.0210,0,0.000000,0.000000
7.0310,0,0.000000,0.000000
7.0410,0,0.000000,0.000000
7.0510,0,0.000000,0.000000
7.0610,0,0.000000,0.000000
7.0710,0,0.000000,0.000000
7.0810,0,0.000000,0.000000
7.0910,0,0.000000,0.000000
7.1010,0,0.000000,0.000000
7.1110,0,0.000000,0.000000
7.1210,0,0.000000,0.000000
7.1320,0,0.000000,0.000000
7.1410,0,0.000000,0.000000
7.1510,0,0.000000,0.000000
7.1610,0,0.000000,0.000000
7.1710,0,0.000000,0.000000
7.1810,0,0.000000,0.000000
7.1910,0,0.000000,0.000000
7.2010,0,0.000000,0.000000
7.2110,0,0.000000,0.000000
7.2210,0,0.000000,0.000000
7.2310,0,0.000000,0.000000
7.2410,0,0.000000,0.000000
7.2510,0,0.000000,0.000000
7.2610,0,0.000000,0.000000
7.2710,0,0.000000,0.000000
7.2810,0,0.000000,0.000000
7.2910,0,0.000000,0.000000
7.3010,0,0.000000,0.000000
7.3110,0,0.000000,0.000000
7.3210,0,0.000000,0.000000
7.3310,0,0.000000,0.000000
7.3410,0,0.000000,0.000000
7.3510,0,0.000000,0.000000
7.3610,0,0.000000,0.000000
7.3710,0,0.000000,0.000000
7.3810,0,0.000000,0.000000
7.3910,0,0.000000,0.000000
7.4010,0,0.000000,0.000000
7.4110,0,0.000000,0.000000
7.4210,0,0.000000,0.000000
7.4310,0,0.000000,0.000000
7.4410,0,0.000000,0.000000
7.4510,0,0.000000,0.000000
7.4610,0,0.000000,0.000000
7.4710,0,0.000000,0.000000
7.4810,0,0.000000,0.000000
7.4910,0,0.000000,0.000000
7.5010,0,0.000000,0.000000
7.5110,0,0.000000,0.000000
7.5210,0,0.000000,0.000000
7.5310,0,0.000000,0.000000
7.5410,0,0.000000,0.000000
7.5510,0,0.000000,0.000000
7.5610,0,0.000000,0.000000
