file_id,time,waiting_time,magnitude
1,7.591,,0.0003930000000000001
1,8.961,1.3200000000000003,0.0
1,9.441,0.2400000000000002,0.003436
1,15.591,6.029999999999999,0.015282999999999998
1,29.981,13.600000000000001,0.014659999999999996
1,45.951,15.690000000000001,0.002813999999999997
1,46.661,0.21000000000000085,0.020191000000000008
1,51.151,4.0,0.0014070000000000055
1,52.371,1.0799999999999983,0.019797999999999996
1,52.981,0.28999999999999915,0.003272999999999998
1,56.281,3.259999999999998,0.0
1,61.691,5.149999999999999,0.01207599999999999
1,61.991,0.1700000000000017,0.0
1,63.831,1.7899999999999991,0.0003599999999999992
1,67.051,3.1400000000000006,0.008476000000000011
1,69.111,1.730000000000004,0.015052999999999983
1,152.781,83.43999999999998,0.0008179999999999854
1,156.071,3.0800000000000125,0.009458000000000022
1,165.331,8.730000000000018,0.012009999999999993
1,172.801,7.239999999999981,0.00016399999999999748
1,207.481,34.31,0.005268999999999996
1,210.731,3.030000000000001,0.005398999999999987
1,211.292,0.2609999999999957,0.0
1,214.191,2.899000000000001,9.800000000001474e-05
1,214.421,0.14000000000001478,0.007984999999999992
1,218.111,1.7199999999999989,0.06960600000000003
1,255.421,36.54999999999998,0.006512000000000018
1,256.811,1.2500000000000284,0.0007850000000000357
1,259.951,3.0500000000000114,0.0019959999999999978
1,260.231,0.21999999999997044,0.0
1,263.301,2.9399999999999977,0.013711999999999946
1,263.761,0.13999999999998636,0.008083000000000007
1,264.551,0.6299999999999955,0.0032400000000000206
1,264.811,0.14999999999997726,0.0
1,269.161,4.350000000000023,9.799999999998699e-05
1,269.611,0.4399999999999977,0.00019599999999997397
1,279.251,9.57000000000005,0.0009500000000000064
1,325.651,46.20999999999998,0.015248999999999957
1,327.581,1.7099999999999795,0.0017670000000000186
1,328.391,0.30000000000001137,0.01613300000000001
1,332.581,3.9499999999999886,0.013907999999999976
1,336.841,3.740000000000009,0.0006220000000000114
1,339.961,2.7700000000000387,0.01112599999999997
1,341.481,1.1000000000000227,0.008148000000000044
1,342.171,0.29000000000002046,0.02015800000000001
1,342.641,0.13999999999998636,0.00035999999999997145
1,342.801,0.14999999999997726,0.0
1,343.121,0.160000000000025,0.0012429999999999941
1,344.061,0.8700000000000045,0.00019700000000000273
1,344.581,0.5200000000000387,9.799999999998699e-05
1,346.801,2.2099999999999795,0.0003270000000000217
1,347.081,0.2400000000000091,0.0
1,350.621,3.1899999999999977,0.012828000000000006
1,359.601,8.759999999999991,9.799999999998699e-05
1,368.621,8.900000000000034,0.004155999999999993
1,600.621,231.93,0.0013090000000000046
1,619.201,18.530000000000086,0.0014729999999999466
1,619.571,0.18000000000006366,9.799999999993148e-05
1,622.681,2.919999999999959,0.0031410000000000604
1,623.871,1.1100000000000136,0.0
1,624.381,0.2899999999999636,0.02081300000000008
1,625.151,0.36000000000001364,0.003894000000000064
1,631.971,6.529999999999973,0.005464999999999942
1,661.151,28.710000000000036,0.004058000000000006
1,674.181,12.629999999999995,0.014170000000000016
1,674.371,0.13999999999998636,9.799999999993148e-05
1,675.411,0.9900000000000091,0.003009999999999957
1,686.061,10.549999999999955,0.0016039999999999388
2,8.601,,0.0023230000000000004
2,11.451,2.49,0.0064139999999999996
2,34.201,22.14,0.024805000000000004
2,34.811,0.5200000000000031,0.00029499999999999665
2,42.361,7.450000000000003,0.006545000000000002
2,43.281,0.47000000000000597,0.003927
2,46.831,2.969999999999999,0.0061189999999999994
2,55.201,7.600000000000001,0.04277199999999999
2,56.221,0.6899999999999977,0.0025519999999999987
2,68.711,12.270000000000003,0.009653999999999996
2,73.541,4.590000000000003,0.0006869999999999932
2,74.781,1.0499999999999972,0.00516999999999998
2,83.741,8.829999999999998,0.0006539999999999879
2,84.511,0.7099999999999937,0.0006879999999999942
2,88.681,3.7299999999999898,0.006380999999999998
2,89.091,0.35999999999999943,0.0006869999999999932
2,89.481,0.3299999999999983,0.00016399999999999748
2,105.731,14.079999999999998,0.09032099999999998
2,110.631,4.480000000000004,0.0012429999999999941
2,111.661,0.7600000000000051,0.040415000000000034
2,119.071,6.069999999999993,0.0
2,124.201,5.1299999999999955,0.0
2,124.621,0.37000000000000455,0.007036000000000042
2,125.201,0.20000000000000284,0.0011450000000000071
2,128.961,3.249999999999986,0.020157999999999954
2,137.731,8.080000000000013,0.07366400000000001
2,141.701,3.3000000000000114,0.0014399999999999968
2,149.351,7.509999999999991,0.00039200000000000346
2,161.511,11.969999999999999,0.012500999999999984
2,164.461,2.1499999999999773,0.009556000000000009
2,165.521,0.5600000000000023,0.017639000000000016
2,165.941,0.13999999999998636,0.0010470000000000201
2,169.391,3.3899999999999864,0.0
2,169.601,0.14000000000001478,0.0066110000000000335
2,169.911,0.14000000000001478,0.0
2,174.321,4.400000000000006,0.00045799999999995844
2,176.801,2.4099999999999966,0.0002949999999999342
2,178.551,1.6899999999999977,0.0007519999999999749
2,179.391,0.5600000000000023,0.00801799999999997
2,181.461,1.9000000000000057,0.0
2,181.641,0.1799999999999784,0.0007849999999999246
2,182.091,0.29999999999998295,0.00013099999999999223
2,184.441,2.3100000000000023,0.006512999999999991
2,184.831,0.13999999999998636,0.0008179999999999854
2,185.321,0.13999999999998636,0.017180000000000084
2,204.391,18.810000000000002,0.00700400000000001
2,207.721,3.1100000000000136,0.00026199999999998447
2,210.381,2.4399999999999977,0.013122999999999996
2,211.231,0.25,0.0020290000000000585
2,212.241,0.8900000000000148,0.0031409999999999494
2,217.701,5.280000000000001,0.003043000000000018
2,218.341,0.3299999999999841,0.009719999999999951
2,225.581,6.960000000000008,0.009391999999999956
2,225.941,0.21000000000000796,0.0
2,228.971,2.710000000000008,0.02349699999999999
2,243.871,14.689999999999998,0.0
2,245.861,1.8400000000000034,0.0009820000000000384
2,246.131,0.15000000000000568,0.0007859999999999534
2,247.501,1.3300000000000125,0.0
2,252.911,5.409999999999997,0.0
2,257.361,3.8899999999999864,0.052949000000000024
2,262.781,5.079999999999984,0.01112599999999997
2,263.541,0.17999999999994998,0.001406999999999936
2,268.691,4.990000000000009,0.003043000000000018
2,269.041,0.14100000000001955,0.0027159999999999407
2,269.331,0.13999999999998636,0.003762999999999961
2,269.701,0.18000000000000682,0.0
2,269.841,0.13999999999998636,0.0
2,270.711,0.8299999999999841,0.0015049999999999786
2,276.361,5.479999999999961,0.004287000000000041
3,57.121,,0.022285
3,69.021,11.649999999999999,0.003238999999999999
3,69.361,0.29000000000000625,0.0
3,69.651,0.1599999999999966,0.012567000000000002
3,76.571,6.719999999999999,0.0002620000000000053
3,76.961,0.29999999999999716,0.007691000000000003
3,79.851,2.240000000000009,0.00975200000000001
3,83.581,3.5,0.0028470000000000023
3,84.941,0.9699999999999989,0.052818000000000004
3,85.931,0.20000000000000284,0.0
3,89.131,3.030000000000001,0.017670999999999992
3,91.381,1.7399999999999949,0.01109400000000002
3,117.991,26.22,0.013156000000000001
3,128.851,10.709999999999994,0.0008179999999999854
3,133.161,4.260000000000019,0.0002949999999999897
3,157.171,23.799999999999983,0.012859999999999983
3,159.341,1.5800000000000125,0.007690000000000002
3,173.441,14.069999999999993,9.799999999998699e-05
3,174.651,0.7900000000000205,0.04856399999999997
3,176.361,0.45000000000001705,0.15603299999999998
3,189.571,10.830000000000013,0.008803000000000005
3,193.101,2.4099999999999966,0.06826400000000005
3,196.371,3.0700000000000216,0.0
3,196.641,0.2699999999999818,0.0002949999999999342
3,197.671,0.5099999999999909,0.06581000000000004
3,198.781,0.539999999999992,0.0014399999999999968
3,199.501,0.18999999999999773,0.01125799999999999
3,207.511,7.859999999999985,0.00036000000000002697
3,210.111,2.4509999999999934,0.002977999999999925
4,13.671,,0.0009820000000000002
4,14.921,1.0999999999999996,0.0015380000000000003
4,16.021,0.1899999999999995,0.081813
4,19.711,2.5500000000000007,0.0006540000000000018
4,21.521,1.1699999999999982,0.020846000000000003
4,22.421,0.21999999999999886,0.02765200000000001
4,42.001,19.37,0.004941000000000001
4,43.561,1.1999999999999957,0.00854100000000002
4,58.521,14.89,0.0008499999999999897
4,61.561,2.979999999999997,0.0
4,62.231,0.5399999999999991,0.01492199999999999
4,64.211,1.480000000000004,0.010864999999999986
4,74.241,9.409999999999997,0.04715699999999998
4,76.611,1.4000000000000057,0.010569999999999968
4,76.801,0.14000000000000057,9.799999999998699e-05
4,77.311,0.14999999999999147,0.0036329999999999973
4,92.571,14.840000000000003,0.02843800000000002
4,92.871,0.14000000000000057,0.0
4,94.281,1.3500000000000085,0.0016369999999999996
4,94.461,0.14999999999999147,0.0
4,96.491,1.9500000000000028,0.004025000000000001
4,109.301,12.760000000000005,0.0018329999999999735
4,109.621,0.15000000000000568,0.0003929999999999767
4,110.761,1.1000000000000085,0.0007860000000000089
4,110.971,0.14000000000000057,0.0003929999999999767
4,112.371,1.2800000000000011,0.007067999999999963
4,113.711,1.1000000000000085,0.012239
4,114.491,0.45999999999999375,0.001570999999999989
4,130.121,15.439999999999998,0.020092999999999972
4,130.711,0.160000000000025,0.0
4,131.111,0.3499999999999943,0.0011780000000000124
4,141.681,10.079999999999984,0.03347800000000001
4,143.491,1.490000000000009,0.0020950000000000135
4,145.731,1.7800000000000011,0.04610900000000001
4,146.661,0.14000000000001478,0.011880000000000002
4,147.471,0.3300000000000125,0.00029400000000001647
4,148.141,0.6399999999999864,0.0009489999999999776
4,149.181,0.27000000000001023,0.04349200000000003
4,158.851,8.990000000000009,0.004843000000000042
4,165.101,6.210000000000008,0.0
4,166.011,0.9099999999999966,0.0
4,172.521,6.390000000000015,0.0048759999999999915
4,172.711,0.15000000000000568,0.0
4,210.591,37.69999999999999,0.00805100000000003
4,212.491,1.6599999999999966,0.012468000000000035
4,213.341,0.22999999999998977,0.011845999999999912
4,227.251,13.740000000000009,0.0
4,240.791,13.539999999999992,0.0
5,2.451,,0.005171
5,4.721,2.12,0.0008510000000000011
5,5.271,0.5099999999999998,0.0002950000000000001
5,5.811,0.3699999999999992,0.018751999999999998
5,6.661,0.16000000000000014,0.031972
5,16.591,9.240000000000002,0.004973999999999992
5,131.801,114.66000000000001,0.059003000000000014
5,134.721,2.069999999999993,0.0
5,145.181,10.340000000000003,0.0035350000000000104
5,146.961,1.3899999999999864,0.008148000000000016
5,149.781,2.640000000000015,0.0
5,152.101,2.079999999999984,0.008736999999999995
5,155.081,2.660000000000025,0.017311999999999994
5,157.201,1.5010000000000048,0.008573999999999998
5,157.821,0.45000000000001705,0.014693999999999985
5,158.751,0.6500000000000057,0.0006540000000000157
5,160.661,1.8200000000000216,0.0017669999999999908
5,160.851,0.14000000000001478,9.799999999998699e-05
5,161.471,0.521000000000015,0.03203800000000001
5,165.761,3.469999999999999,0.0007519999999999749
5,187.991,22.19999999999999,0.0027820000000000067
5,188.521,0.28000000000000114,0.0003270000000000217
5,188.671,0.13999999999998636,0.00016399999999999748
5,190.331,0.22999999999998977,0.05343999999999999
5,200.731,9.990000000000009,0.004188999999999998
5,201.891,0.6899999999999977,0.013548000000000004
5,208.001,5.840000000000003,0.004908999999999997
5,208.511,0.14000000000001478,0.0063810000000000255
5,212.351,3.6599999999999966,0.0
5,215.961,2.9199999999999875,0.04532400000000003
5,216.361,0.23999999999998067,0.0
5,235.481,18.900000000000006,0.020484999999999975
5,236.771,0.9599999999999795,0.0012110000000000176
5,261.781,24.569999999999993,0.033281000000000005
5,268.421,6.25,0.0
5,325.611,56.98000000000002,0.008149000000000017
5,341.031,15.200000000000045,0.0015049999999999786
5,343.371,2.240000000000009,0.0004910000000000192
5,345.041,1.660000000000025,0.0
5,350.781,5.600000000000023,0.035015999999999936
5,472.351,121.04999999999995,0.0012430000000001051
5,473.261,0.8300000000000409,0.00045800000000006946
5,474.751,1.42999999999995,0.0005230000000000512
5,475.181,0.17000000000001592,0.015217000000000036
5,479.231,3.759999999999991,0.0027169999999999694
5,480.161,0.6100000000000136,0.015315999999999996
6,10.181,,0.0006869999999999999
6,11.801,1.5099999999999998,0.016722
6,16.861,4.4,0.004287000000000003
6,31.321,14.27,0.019570000000000004
6,38.771,7.050000000000004,0.004548000000000003
6,40.831,1.25,0.035048
6,42.221,0.8500000000000014,0.004876000000000005
6,48.711,6.109999999999999,0.009589
6,49.301,0.28999999999999915,0.0
6,51.201,1.7800000000000011,0.013515000000000013
6,57.381,5.980000000000004,0.0038610000000000033
6,210.451,152.94,0.0026830000000000187
6,240.131,28.810000000000002,0.018096999999999974
6,240.441,0.14000000000001478,0.0
6,240.711,0.27000000000001023,0.0
6,253.221,12.429999999999978,0.00919600000000001
6,254.181,0.6289999999999907,0.0014399999999999968
6,254.611,0.25,0.0
6,255.861,1.200000000000017,0.0035340000000000094
6,257.181,1.1199999999999761,0.0026830000000000187
6,265.491,8.120000000000005,0.0008509999999999907
6,267.121,1.5200000000000387,0.0016359999999999986
6,275.531,7.5,0.04846599999999998
6,276.971,0.6500000000000341,0.01515099999999997
6,286.791,9.569999999999993,0.006119999999999959
6,287.121,0.18999999999999773,9.799999999998699e-05
6,289.091,1.7800000000000296,0.020419999999999994
6,295.531,5.899999999999977,0.002682999999999991
6,309.031,13.339999999999975,0.002715999999999996
6,309.251,0.16999999999995907,0.0002609999999999557
6,318.321,8.930000000000007,0.00559599999999999
6,319.101,0.37000000000000455,0.008869000000000016
6,326.171,6.8799999999999955,0.0005239999999999689
6,329.451,3.2600000000000477,0.00029400000000001647
6,330.141,0.2300000000000182,0.013744000000000034
6,331.981,1.5600000000000023,0.00042599999999998195
6,390.361,58.379999999999995,0.0
6,395.821,5.3700000000000045,0.001931000000000016
6,398.061,1.5,0.01734399999999997
6,398.991,0.8700000000000045,9.799999999998699e-05
6,414.511,15.510000000000048,0.0002949999999999897
6,419.541,5.0,0.0
6,420.691,1.031000000000006,0.01243500000000003
6,422.591,1.7200000000000273,0.0
6,422.851,0.15999999999996817,0.004122999999999988
6,424.601,1.6200000000000045,0.00039200000000000346
6,449.881,24.930000000000007,0.012566999999999995
6,461.601,11.490999999999985,0.00451600000000002
6,462.071,0.30000000000001137,0.0
6,466.331,3.919999999999959,0.049053999999999987
6,479.011,11.629999999999995,0.060083
6,479.781,0.160000000000025,0.038614999999999955
7,2.691,,0.0008180000000000002
7,3.571,0.5899999999999999,0.013449999999999998
7,22.141,17.720000000000002,0.027226999999999998
7,22.731,0.21000000000000085,0.0026499999999999996
7,28.061,5.23,0.003043999999999998
7,29.221,0.39000000000000057,0.016788000000000004
7,34.271,4.9999999999999964,0.0005560000000000009
7,95.741,61.17999999999999,0.02752199999999999
7,97.601,1.4399999999999977,0.014301000000000008
7,106.031,8.149999999999991,0.024281999999999998
7,107.001,0.23000000000000398,0.012565999999999994
7,111.401,4.099999999999994,0.010865000000000014
7,114.291,2.510000000000005,0.0042210000000000025
7,114.801,0.21999999999999886,0.007331000000000004
7,115.461,0.4899999999999949,0.0005560000000000009
7,117.481,1.8800000000000097,0.002618000000000009
7,118.461,0.6099999999999994,0.022808999999999996
7,119.761,0.8299999999999983,0.002814000000000011
7,130.181,9.569999999999993,0.040087999999999985
7,170.181,39.75,0.0
7,171.461,1.2099999999999795,0.001438999999999968
7,172.021,0.5099999999999909,0.0008179999999999854
7,173.001,0.6999999999999886,0.01243500000000003
7,178.451,5.030000000000001,0.007363000000000008
7,179.011,0.1599999999999966,0.0035339999999999816
7,191.151,11.100000000000023,0.028405999999999987
7,191.401,0.14000000000001478,0.0
7,195.581,4.109999999999985,0.020125000000000004
7,216.221,19.669999999999987,0.084725
7,218.431,1.25,0.04080800000000001
7,219.311,0.14000000000001478,0.015477999999999992
7,220.481,0.46000000000000796,0.009359000000000006
7,230.011,8.810000000000002,0.09022300000000005
7,231.141,0.1599999999999966,0.0
7,231.301,0.1599999999999966,0.001210999999999962
7,231.981,0.38999999999998636,0.023137000000000074
8,0.698,,0.012108
8,2.881,1.8499999999999999,0.0
8,3.051,0.14000000000000012,0.0002620000000000001
8,3.371,0.27,0.0004259999999999993
8,18.671,15.269999999999998,0.0024220000000000005
8,127.621,108.89,0.0005560000000000009
8,132.311,4.3999999999999915,0.012271000000000004
8,135.911,3.1500000000000057,0.011323000000000007
8,136.491,0.2300000000000182,0.0
8,137.151,0.589999999999975,0.0009490000000000054
8,137.461,0.28000000000000114,0.0
8,137.601,0.13999999999998636,0.0
8,167.461,28.580000000000013,0.07847499999999999
8,168.261,0.4199999999999875,0.003795999999999994
8,169.061,0.3499999999999943,0.013548000000000004
8,174.591,5.160000000000025,0.020027000000000017
8,209.631,33.94,0.0029779999999999807
8,211.551,1.8599999999999852,0.00022900000000000698
8,211.831,0.2599999999999909,0.00013099999999999223
8,214.361,2.3600000000000136,0.0026179999999999815
8,240.961,26.55000000000001,0.0
8,253.721,12.20999999999998,0.032168
8,257.611,3.609999999999985,0.023562000000000027
8,258.491,0.2799999999999727,0.0003269999999999662
8,258.901,0.2599999999999909,0.0008179999999999854
8,261.591,0.35000000000002274,0.09977799999999998
8,262.051,0.13999999999998636,0.0
8,264.581,2.319999999999993,0.012272000000000005
8,292.361,27.50999999999999,0.00022899999999997922
8,300.041,7.460000000000036,0.02552500000000002
8,306.371,5.930000000000007,0.010046
8,307.231,0.5,0.001931000000000016
8,307.421,0.14999999999997726,0.0
8,311.301,2.3899999999999864,0.32675899999999997
8,327.121,14.289999999999964,0.0
9,0.076,,3.3e-05
9,0.403,0.14,0.00019599999999999997
9,354.981,354.22499999999997,0.0018649999999999986
9,473.721,118.56,0.010701000000000002
9,474.221,0.3199999999999932,0.001799999999999996
9,492.491,18.129999999999995,0.0007199999999999984
9,493.171,0.589999999999975,0.0023239999999999997
9,512.241,18.850000000000023,0.0011779999999999985
9,515.901,3.590000000000032,0.003730999999999998
9,523.431,7.389999999999986,0.0003599999999999992
9,523.781,0.14999999999997726,0.04643699999999999
9,524.951,0.22000000000002728,0.00016399999999999748
9,530.351,5.07000000000005,0.06937600000000002
9,531.441,0.13999999999998636,0.0
9,532.361,0.7999999999999545,0.009784999999999988
9,532.731,0.2899999999999636,0.0
9,543.681,10.950000000000045,0.0
9,544.241,0.14999999999997726,0.013057000000000013
9,545.921,1.490000000000009,0.0069049999999999945
9,589.091,42.25999999999999,0.009621000000000018
9,592.131,2.800000000000068,0.004942000000000002
9,593.411,0.67999999999995,0.004483000000000015
9,595.591,1.8899999999999864,9.799999999998699e-05
9,602.001,6.399999999999977,0.0
9,602.531,0.5,0.0008509999999999907
9,605.271,2.699999999999932,0.00045799999999995844
9,605.581,0.15999999999996817,0.0008180000000000409
9,607.611,1.7799999999999727,0.0046800000000000175
9,609.921,1.8999999999999773,0.020681999999999978
9,626.241,15.340000000000032,0.021533000000000024
9,629.491,2.490000000000009,0.0049080000000000235
9,629.831,0.13999999999998636,0.0
9,630.211,0.31999999999993634,0.00798500000000002
9,632.421,1.8600000000000136,0.0005570000000000297
9,632.701,0.17999999999994998,0.008639000000000008
9,634.351,0.5199999999999818,0.04699300000000001
9,634.761,0.14999999999997726,0.0
9,636.141,1.3100000000000591,0.015676000000000023
9,637.041,0.38000000000010914,0.0003270000000000217
9,637.441,0.14999999999997726,0.005235999999999963
9,637.811,0.16000000000008185,0.0
9,638.331,0.34999999999990905,0.010863999999999985
9,640.361,1.67999999999995,0.011945000000000039
9,640.791,0.3000000000000682,0.0
9,641.341,0.5499999999999545,0.0
9,642.041,0.5599999999999454,0.019569999999999976
9,659.471,16.690000000000055,0.015118999999999994
9,659.921,0.17000000000007276,0.0
9,666.871,5.889999999999986,0.10138199999999997
9,672.001,4.8799999999999955,0.0
9,673.771,1.2699999999999818,0.009522999999999948
9,673.961,0.13999999999998636,0.0
10,17.811,,0.016984
10,30.141,11.690000000000001,0.0050069999999999976
10,30.451,0.240000000000002,0.0
10,75.701,45.169999999999995,0.002127000000000004
10,82.341,6.420000000000002,0.022710999999999995
10,131.741,48.36,0.010079000000000005
10,134.151,2.1200000000000045,0.0
10,134.441,0.25,0.0003599999999999992
10,144.931,10.460000000000008,0.0003929999999999906
10,146.321,1.2299999999999898,0.025199
10,146.751,0.2600000000000193,0.00013099999999999223
10,148.321,1.549999999999983,0.0011789999999999995
10,165.071,16.620000000000005,0.007886999999999991
10,165.741,0.25,0.002814999999999984
10,166.061,0.29000000000002046,0.0
10,168.981,2.780000000000001,0.017344
10,190.161,20.379999999999995,0.016624
10,190.791,0.13999999999998636,0.0061530000000000196
10,191.161,0.14000000000001478,0.0002949999999999897
10,191.391,0.15000000000000568,0.003076000000000023
10,191.591,0.13900000000001,0.0
10,193.811,2.219999999999999,0.0
10,194.451,0.18000000000000682,0.025263000000000008
10,194.781,0.15000000000000568,0.0
10,195.841,0.8899999999999864,0.016101000000000004
10,198.811,2.530000000000001,0.0
10,201.481,2.6299999999999955,0.005367000000000011
10,202.351,0.5100000000000193,0.00039200000000000346
10,203.171,0.7299999999999898,0.007035999999999987
10,203.351,0.13999999999998636,0.0
10,230.591,27.180000000000007,0.007886000000000004
10,233.201,1.990000000000009,0.052458000000000005
10,235.801,1.6899999999999977,0.005531000000000008
10,270.812,34.83100000000002,0.0
10,274.051,2.968999999999994,0.004974000000000034
10,275.191,0.7900000000000205,0.00926100000000002
10,276.501,1.1999999999999886,0.00016300000000002424
10,278.681,2.0600000000000023,0.007559000000000038
10,509.761,230.8,0.003371000000000013
10,512.551,2.7200000000000273,9.799999999998699e-05
10,516.551,4.0,0.0002949999999999897
10,516.881,0.21000000000003638,0.0010800000000000254
10,517.441,0.2999999999999545,0.004155999999999993
10,551.421,33.460000000000036,0.006512999999999991
10,560.131,8.620999999999981,0.005366000000000037
10,572.761,12.18999999999994,0.018718000000000012
10,574.121,1.1200000000000045,0.0009170000000000011
10,598.811,24.670000000000073,0.0007199999999999984
10,599.471,0.5099999999999909,0.00022899999999997922
10,611.901,12.419999999999959,0.00013099999999999223
10,617.621,5.530000000000086,0.00589099999999998
10,619.481,1.5499999999999545,0.00808399999999998
10,620.591,0.8599999999999,0.0008510000000000462
10,624.601,4.009999999999991,0.0
10,625.221,0.5399999999999636,0.009784000000000015
10,625.991,0.5699999999999363,0.0
10,626.801,0.7200000000000273,0.04126599999999997
10,631.201,2.839999999999918,0.05608999999999997
10,648.221,16.789999999999964,0.0018650000000000055
10,1140.661,492.4000000000001,0.00013099999999999223
11,29.941,,0.001997
11,209.241,179.22000000000003,0.0037960000000000008
11,213.841,4.230000000000018,9.79999999999974e-05
11,221.741,7.748999999999995,0.002911999999999998
11,228.851,6.930000000000007,0.0019629999999999995
11,234.451,5.309999999999974,0.020453
11,264.601,29.810000000000002,0.008083
11,265.001,0.18000000000000682,0.027423000000000003
11,268.371,2.7799999999999727,0.007429000000000005
11,272.721,4.240000000000009,0.0
11,273.511,0.6100000000000136,0.01079899999999999
11,281.411,7.489999999999952,0.006283000000000011
11,283.131,1.589999999999975,0.009882999999999975
11,285.851,2.330000000000041,0.0011779999999999846
11,289.711,3.830000000000041,0.0
11,295.741,5.9599999999999795,0.007820999999999995
11,345.631,49.589999999999975,0.0004589999999999872
11,364.711,19.04000000000002,0.0
11,365.741,0.589999999999975,0.025754
11,369.651,3.400000000000034,0.014366000000000018
11,371.091,1.1899999999999977,0.007494000000000001
11,393.101,21.610000000000014,0.009097999999999995
11,393.351,0.13999999999998636,0.0
11,394.251,0.8600000000000136,0.001341999999999982
11,394.671,0.36000000000001364,0.0015380000000000116
11,395.781,0.5900000000000318,0.08040499999999998
11,430.921,33.90999999999997,0.024085999999999996
11,431.681,0.13999999999998636,0.0013739999999999863
11,432.811,1.0600000000000023,0.003664999999999974
11,482.731,49.69,0.012369999999999992
11,482.991,0.15999999999996817,3.199999999997649e-05
11,546.431,63.30000000000007,0.000130000000000019
11,546.881,0.33999999999991815,0.022187000000000012
11,578.291,30.690000000000055,0.016951999999999967
11,598.341,19.680000000000064,0.0021280000000000188
11,598.661,0.22000000000002728,0.0006539999999999879
11,618.801,20.090000000000032,9.799999999998699e-05
11,619.301,0.2699999999999818,0.008344999999999991
11,640.931,21.409999999999968,0.0006539999999999879
11,644.541,3.509999999999991,0.0014399999999999968
11,644.751,0.13999999999998636,0.0
11,653.211,7.960000000000036,0.03282299999999999
11,657.571,3.519999999999982,0.029124999999999956
11,659.331,1.4400000000000546,9.799999999993148e-05
11,668.561,8.769999999999982,0.03308499999999992
11,718.781,49.719999999999914,9.799999999993148e-05
11,719.041,0.15999999999996817,0.009981000000000018
11,720.741,1.3700000000000045,0.006610000000000005
11,722.081,0.7599999999999909,0.005105000000000026
11,739.971,17.690000000000055,0.002487000000000017
11,740.341,0.2799999999999727,0.0
12,0.623,,0.000392
12,131.431,130.708,0.000393000000000001
12,134.131,2.6999999999999886,0.0002620000000000018
12,141.261,7.010000000000019,0.005628000000000001
12,142.271,0.6689999999999827,0.007559999999999997
12,150.441,7.180000000000007,0.048761
12,151.851,0.9899999999999807,0.11241
12,203.581,49.78999999999999,0.0017339999999999856
12,215.581,11.469999999999999,0.015708
12,216.601,0.561000000000007,0.011387999999999981
12,301.551,84.41999999999999,0.03547299999999998
12,332.051,29.819999999999993,0.006511999999999962
12,333.311,0.9889999999999759,0.002813999999999983
12,335.481,1.920000000000016,0.009850999999999999
12,336.511,0.7400000000000091,0.0021599999999999953
12,352.411,15.850000000000023,0.0005560000000000009
12,352.931,0.3599999999999568,0.00451600000000002
12,357.401,4.25,0.0034029999999999894
12,358.131,0.30000000000001137,0.00212699999999999
12,358.561,0.3199999999999932,0.0016360000000000263
12,361.641,2.7799999999999727,0.005203000000000013
12,431.461,69.64999999999998,0.017506999999999995
12,432.721,0.9199999999999591,0.008181999999999967
12,437.301,4.329999999999984,0.005759999999999987
12,522.301,84.68,0.0017019999999999813
12,590.131,67.76999999999998,0.0
12,596.861,6.7000000000000455,0.0011450000000000071
12,597.051,0.14000000000010004,0.0
12,814.931,217.88,9.799999999998699e-05
12,815.461,0.17999999999994998,0.01302399999999998
12,815.991,0.2799999999999727,0.0015379999999999838
12,834.531,18.049999999999955,0.008803000000000005
12,834.821,0.13999999999998636,0.0
12,836.841,1.7799999999999727,0.015381000000000034
12,850.731,13.82000000000005,0.0
12,934.921,84.14999999999998,0.0014399999999999968
12,939.361,4.360000000000014,0.00026199999999998447
12,1018.531,79.09000000000003,0.014529999999999932
12,1019.061,0.13999999999998636,0.0003929999999999767
12,1024.9709,5.8799999999999955,0.0005239999999999689
12,1038.3709,13.31009999999992,0.0064790000000000125
12,1039.821,0.15010000000006585,0.03501600000000005
12,1048.041,7.970000000000027,0.00036000000000002697
12,1048.7509,0.259900000000016,0.031972
12,1049.8809,0.5699000000001888,0.0
12,1108.071,58.1900999999998,0.0
12,1165.1209,57.04989999999998,0.0
13,0.162,,0.0006540000000000001
13,1.231,0.22000000000000008,0.014399000000000002
13,206.601,205.07999999999998,0.0017019999999999987
13,206.781,0.14000000000001478,0.0
13,212.471,5.650000000000006,0.0004580000000000001
13,228.161,15.680000000000007,0.0001959999999999948
13,259.531,31.289999999999992,0.006055000000000005
13,264.391,4.449999999999989,0.000785000000000001
13,265.701,0.5199999999999818,0.017442999999999993
13,266.601,0.13999999999998636,0.042935
13,287.741,20.54000000000002,0.010471999999999995
13,298.491,10.209000000000003,0.017082000000000014
13,302.241,2.7800000000000296,0.011845999999999995
13,314.751,12.329999999999984,0.00814899999999999
13,315.631,0.6300000000000523,0.0024210000000000065
13,323.651,7.939999999999998,0.0015380000000000116
13,339.721,15.990000000000009,0.0012770000000000004
13,341.781,1.910000000000025,0.010046
13,342.181,0.14999999999997726,0.0
13,347.521,5.050000000000011,0.00481100000000001
13,373.081,25.20999999999998,0.013874999999999998
13,373.971,0.8000000000000114,0.0
13,374.911,0.7300000000000182,0.006774000000000002
13,375.381,0.13999999999998636,0.008411000000000002
13,379.971,4.399999999999977,0.00019600000000000173
13,380.781,0.6700000000000159,0.005726999999999982
13,383.531,1.9799999999999613,0.034557000000000004
13,384.431,0.2699999999999818,0.003764000000000045
13,386.221,1.759999999999991,0.0
13,399.041,12.519999999999982,0.009621000000000046
13,524.841,125.53000000000003,0.025689000000000017
13,555.351,29.579999999999927,0.059657000000000016
13,563.391,7.8799999999999955,0.0009489999999999776
13,574.631,11.17999999999995,0.0009170000000000011
13,574.921,0.13999999999998636,0.0024219999999999797
13,575.341,0.34000000000003183,0.0017349999999999866
13,619.031,42.680000000000064,0.05713699999999999
13,621.101,0.15999999999996817,0.023431000000000035
13,621.381,0.14999999999997726,0.0
13,650.751,29.33000000000004,0.0028799999999999937
13,654.081,2.340000000000032,0.03743799999999997
13,654.501,0.14999999999997726,0.0
13,657.161,2.6499999999999773,0.00212699999999999
13,657.831,0.4800000000000182,0.00036000000000002697
13,658.041,0.16000000000008185,0.0
13,666.741,7.949999999999932,0.06355200000000005
13,1009.041,341.7700000000001,0.0
13,1012.731,3.67999999999995,0.000164000000000053
13,1012.881,0.13999999999998636,0.00019700000000000273
14,0.261,,0.0
14,0.558,0.14500000000000002,6.600000000000002e-05
14,18.091,17.346,0.007592
14,21.921,3.6499999999999986,0.0008510000000000011
14,27.811,5.710000000000001,0.016198999999999998
14,29.391,1.379999999999999,0.0004909999999999984
14,34.351,4.939999999999998,0.0
14,34.631,0.14000000000000057,0.003795999999999994
14,35.051,0.2700000000000031,0.0
14,35.601,0.5,0.003698
14,36.141,0.4099999999999966,0.0008510000000000045
14,41.291,5.039999999999999,0.001473000000000002
14,66.041,24.400000000000006,0.03302000000000001
14,67.281,0.25,0.03547399999999999
14,72.181,4.030000000000001,0.010667999999999983
14,95.441,22.92,9.799999999998699e-05
14,96.251,0.7990000000000066,0.0
14,97.021,0.539999999999992,0.048793
14,97.871,0.14000000000000057,0.0
14,108.011,10.030000000000001,0.004711999999999994
14,113.011,4.829999999999998,0.009523000000000004
14,114.121,0.7600000000000051,0.007394999999999985
14,114.391,0.15000000000000568,0.00013100000000002
14,156.901,42.389999999999986,0.0064459999999999795
14,161.911,4.7900000000000205,9.800000000001474e-05
14,165.201,3.0600000000000023,0.009949000000000013
14,165.471,0.1599999999999966,0.0
14,240.681,75.21000000000001,0.0
14,243.321,2.6299999999999955,0.00032799999999999496
14,252.061,8.710000000000008,0.0
14,259.581,7.499999999999972,0.0022909999999999875
14,261.631,1.8100000000000023,0.0014080000000000203
14,273.211,11.25,0.0049739999999999784
14,273.401,0.17000000000001592,0.0
14,274.581,1.0600000000000023,0.005367000000000011
14,275.371,0.34000000000003183,0.026998000000000022
14,275.921,0.3100000000000023,9.799999999998699e-05
14,287.591,11.610000000000014,0.00019700000000000273
14,287.871,0.22000000000002728,0.003502000000000005
14,313.611,25.589999999999975,0.0
14,317.101,3.2200000000000273,0.02339800000000003
14,318.021,0.410000000000025,0.004025000000000001
14,323.431,5.310000000000002,0.0030759999999999676
14,327.111,3.2799999999999727,0.01868599999999998
14,328.221,1.0199999999999818,9.799999999998699e-05
14,334.181,5.149999999999977,0.06724999999999998
14,334.851,0.20999999999997954,0.023233999999999977
14,335.121,0.15999999999996817,0.0
14,335.651,0.20000000000004547,0.020125999999999977
14,382.081,45.97000000000003,0.0015379999999999283
14,383.491,1.3700000000000045,0.0
14,383.671,0.17000000000001592,0.00036000000000002697
14,385.681,1.6899999999999977,0.021402000000000032
14,385.941,0.13999999999998636,0.0
14,449.131,63.170000000000016,0.00019700000000000273
14,449.791,0.6000000000000227,0.0016689999999999205
14,450.021,0.1400000000000432,9.799999999993148e-05
14,450.221,0.14999999999997726,0.0011130000000000306
14,483.391,33.10000000000002,0.0019959999999999978
14,486.101,2.5600000000000023,0.015740999999999894
14,489.621,2.8899999999999864,0.009130000000000082
14,501.581,11.21999999999997,0.01112599999999997
14,517.431,15.720000000000027,0.0
14,533.401,15.969999999999914,0.0
14,536.911,3.4700000000000273,0.00032799999999999496
15,1.451,,0.0007530000000000001
15,2.741,1.25,0.000294
15,4.131,1.2300000000000004,0.007102000000000001
15,6.531,1.939,0.00016400000000000095
15,6.811,0.28000000000000025,0.00042500000000000003
15,46.201,39.209999999999994,0.0017010000000000011
15,76.011,29.560000000000002,0.02775
15,86.401,10.189999999999998,0.00032699999999999396
15,89.651,3.2099999999999937,0.0005240000000000106
15,130.841,41.108999999999995,0.00526900000000001
15,131.751,0.44000000000002615,0.0010470000000000063
15,132.911,1.1200000000000045,0.00026199999999999835
15,133.611,0.6699999999999875,0.0003599999999999992
15,136.321,2.530000000000001,0.061718999999999996
15,170.641,33.359999999999985,9.800000000001474e-05
15,181.781,10.849999999999994,0.012500999999999984
15,194.981,12.810000000000002,0.019995000000000013
15,196.581,0.539999999999992,0.040709999999999996
15,212.841,15.97999999999999,0.001473000000000002
15,219.201,6.27000000000001,0.0016359999999999986
15,222.141,2.75,0.015937000000000034
15,234.031,11.289999999999992,0.023857000000000017
15,249.171,14.740000000000009,0.003566999999999987
15,249.601,0.28000000000000114,0.0014069999999999916
15,249.921,0.28000000000000114,0.0
15,250.201,0.21999999999999886,0.0004910000000000192
15,250.761,0.5300000000000011,0.001570999999999989
15,251.901,0.8100000000000023,0.015937000000000034
15,261.521,8.980000000000018,0.00772299999999998
15,262.211,0.34000000000003183,9.799999999998699e-05
15,263.551,1.2199999999999704,0.029256000000000004
15,265.111,0.14999999999997726,0.07539799999999997
15,265.791,0.13999999999998636,0.0
15,266.361,0.4200000000000159,0.011716000000000004
15,268.101,0.5699999999999932,0.027521000000000018
15,273.711,4.990000000000009,0.009424000000000043
15,286.501,12.439999999999998,0.015610000000000013
15,310.941,24.069999999999993,0.0009810000000000096
15,312.791,1.6800000000000068,0.017932999999999977
15,313.521,0.2899999999999636,0.0006549999999999612
15,313.841,0.2300000000000182,0.005203999999999986
15,314.131,0.15999999999996817,0.0
15,318.011,2.730000000000018,0.059199
15,322.681,4.229999999999961,0.023660000000000014
15,334.611,11.230000000000018,0.0022250000000000325
16,0.21,,0.0
16,2.791,2.093,0.016788
16,4.921,1.6,0.0071990000000000005
16,17.341,12.099999999999998,0.009425
16,31.511,14.09,0.0013750000000000012
16,31.961,0.2699999999999996,0.003044000000000005
16,32.551,0.3400000000000034,0.021729
16,33.211,0.269999999999996,0.0
16,63.081,29.870000000000005,0.0
16,66.261,2.8900000000000006,0.004907999999999996
16,68.121,1.7600000000000051,0.006838999999999998
16,70.391,1.1200000000000045,0.03495000000000001
16,75.161,4.180000000000007,0.006839000000000012
16,79.681,3.9200000000000017,0.025296999999999986
16,115.951,35.75999999999999,0.0010799999999999976
16,176.111,60.129999999999995,0.0005889999999999784
16,177.391,0.3300000000000125,0.027554999999999996
16,181.381,3.9499999999999886,0.00026199999999998447
16,187.801,5.680000000000007,0.03445999999999999
16,188.141,0.14000000000001478,0.0008839999999999959
16,189.201,0.8499999999999943,0.006872000000000017
16,219.421,30.049999999999983,0.0004250000000000087
16,284.331,64.89000000000001,0.0
16,292.161,7.829999999999984,0.00045800000000001395
16,296.581,3.42999999999995,0.135809
16,301.911,3.329999999999984,0.030171999999999977
16,390.531,87.94999999999999,0.02971499999999999
16,395.691,4.5400000000000205,0.0045159999999999645
16,400.511,4.509999999999991,0.009719000000000033
16,401.451,0.6499999999999773,0.0018000000000000238
16,401.961,0.36000000000001364,0.0038289999999999713
16,411.511,9.189999999999998,0.005562999999999985
16,446.041,34.460000000000036,0.0010149999999999881
16,446.241,0.13999999999998636,0.0
16,446.671,0.4200000000000159,0.00022900000000003473
16,447.121,0.1400000000000432,0.01492300000000002
16,501.351,54.18000000000001,0.0
16,516.581,14.889999999999986,0.013187999999999978
16,548.651,31.65000000000009,0.011943999999999955
16,559.311,10.31000000000006,0.01754100000000003
16,562.061,2.480000000000018,0.009555000000000091
17,0.126,,0.000164
17,0.64,0.138,0.0
17,66.361,65.701,0.0011780000000000002
17,84.521,18.099999999999994,0.0
17,84.981,0.3499999999999943,0.001963000000000001
17,94.651,9.579999999999998,0.0034029999999999998
17,95.701,0.19899999999999807,0.011977000000000002
17,97.011,1.0,0.0027809999999999988
17,98.371,1.2199999999999989,0.0008500000000000035
17,98.931,0.5300000000000011,9.900000000000186e-05
17,99.131,0.18000000000000682,0.0007530000000000037
17,99.841,0.4099999999999966,0.007953000000000002
17,124.061,23.99000000000001,0.011519000000000001
17,124.821,0.5300000000000011,0.00013099999999999223
17,125.371,0.5300000000000011,0.0004259999999999958
17,129.011,3.4200000000000017,0.01518399999999999
17,162.111,32.879999999999995,0.024478
17,165.571,2.4899999999999807,0.01073300000000002
17,174.961,8.980000000000018,0.01017700000000002
17,177.391,2.1999999999999886,0.0006549999999999889
17,178.161,0.7199999999999989,0.0005239999999999967
17,178.541,0.3499999999999943,0.00016399999999999748
17,197.961,19.269999999999982,0.02185999999999999
17,198.771,0.13999999999998636,0.0
17,200.571,0.4200000000000159,0.030042000000000013
17,202.151,0.24899999999999523,0.048236999999999974
17,208.571,6.049999999999983,0.03279099999999996
17,210.631,1.1099999999999852,0.034557000000000004
17,211.241,0.15000000000000568,9.799999999998699e-05
17,244.291,32.84899999999999,0.0038610000000000033
17,249.561,4.650000000000006,0.03580099999999997
17,253.851,3.9499999999999886,0.00016399999999999748
17,255.441,0.1599999999999966,0.07814699999999997
17,256.801,0.16099999999997294,0.010996000000000006
17,257.341,0.3299999999999841,0.0012099999999999889
17,259.751,2.3100000000000023,0.002029000000000003
17,279.891,19.95999999999998,0.01603500000000002
17,315.111,34.620000000000005,0.02199100000000004
17,316.271,0.7900000000000205,9.80000000000425e-05
17,328.201,11.819999999999993,0.011060999999999988
17,332.571,3.680999999999983,0.02244899999999994
17,345.921,13.149999999999977,0.00019700000000000273
17,360.921,14.830000000000041,0.01178099999999993
17,361.281,0.1500000000000341,0.0
18,0.089,,0.00032700000000000003
18,0.642,0.14,0.0
18,5.381,4.449,0.018816
18,6.221,0.25,0.005433
18,10.261,3.92,0.001342000000000003
18,11.381,0.2400000000000002,0.038615
18,15.261,3.58,0.0013750000000000012
18,15.821,0.5199999999999996,0.0
18,31.421,15.520000000000001,0.0034030000000000032
18,32.181,0.5599999999999987,0.0
18,40.891,8.64,0.001799999999999996
18,54.781,13.840000000000003,0.00039200000000000346
18,57.131,2.309999999999995,0.0004909999999999914
18,59.041,1.75,0.0019970000000000127
18,59.381,0.240000000000002,0.0010799999999999976
18,63.171,3.6099999999999994,0.003175000000000011
18,63.481,0.14000000000000057,0.0006869999999999932
18,64.761,0.6900000000000048,0.012893999999999989
18,66.261,1.210000000000008,0.0020610000000000073
18,69.481,2.8599999999999994,0.014725999999999989
18,110.621,40.93000000000001,0.007623999999999992
18,148.131,37.31,0.0
18,148.471,0.30000000000001137,0.00029500000000001747
18,148.821,0.3499999999999943,0.0002939999999999887
18,150.041,0.7199999999999989,0.0070360000000000145
18,169.241,19.060000000000002,0.00022900000000000698
18,180.041,10.710000000000008,0.004156000000000021
18,182.041,1.8400000000000034,0.0
18,183.571,1.5300000000000011,0.0
18,184.081,0.5099999999999909,0.0
18,184.261,0.160000000000025,0.00023000000000000798
18,186.881,2.6200000000000045,0.0
18,187.311,0.4099999999999966,0.0007530000000000037
18,272.651,85.26999999999998,0.002029000000000003
18,273.041,0.2689999999999486,0.00029500000000001747
18,275.411,2.2099999999999795,0.0027490000000000014
18,275.831,0.22999999999996135,0.0004579999999999862
18,284.051,7.740000000000009,0.010930000000000023
18,299.821,15.439999999999998,0.044408
18,300.521,0.22000000000002728,0.00019599999999997397
18,301.731,0.7900000000000205,0.007166999999999979
18,303.381,1.4699999999999704,0.0004250000000000087
18,304.661,0.9700000000000273,0.03007399999999999
18,305.581,0.6500000000000341,9.799999999998699e-05
18,305.891,0.3100000000000023,0.0004250000000000087
18,306.421,0.2300000000000182,0.010504000000000013
18,307.681,0.9499999999999886,0.008933999999999997
18,314.491,6.689999999999998,0.00035999999999997145
18,362.251,47.71999999999997,0.0
18,362.781,0.3900000000000432,0.031938999999999995
18,381.901,18.430000000000007,0.0032729999999999704
18,384.291,2.340000000000032,0.0012759999999999994
18,384.801,0.13999999999998636,0.013745000000000007
18,385.511,0.39999999999997726,0.0035339999999999816
18,397.121,11.370000000000005,0.00935899999999995
18,399.811,2.6200000000000045,0.0
18,408.131,8.25,0.004090000000000038
18,425.671,17.189999999999998,0.001570999999999989
18,426.841,1.009999999999991,0.008803000000000005
18,437.091,10.009999999999991,0.0008179999999999854
18,437.291,0.1400000000000432,0.0015710000000000446
18,439.421,1.6100000000000136,0.015577000000000008
18,501.931,62.129999999999995,0.007756000000000041
18,502.981,0.7400000000000091,0.003207000000000071
18,504.231,1.1899999999999977,0.0012099999999999334
18,504.621,0.2599999999999909,0.0005560000000000009
18,504.851,0.20999999999997954,0.0002950000000000452
18,508.061,3.1399999999999864,0.0020620000000000083
18,508.491,0.2999999999999545,0.003141999999999978
18,509.761,0.9600000000000364,0.0022250000000000325
18,511.081,1.25,0.00036000000000002697
18,511.651,0.2400000000000091,0.009129999999999971
18,515.901,4.009999999999991,0.0029129999999999434
18,516.111,0.13999999999998636,0.0
18,516.341,0.15999999999996817,0.0034360000000001056
18,531.321,14.800000000000068,0.009195999999999982
18,531.651,0.14999999999997726,0.0
18,531.811,0.14000000000010004,0.0003929999999999767
18,531.971,0.13999999999998636,0.0
18,537.681,5.689999999999941,0.0013090000000000046
18,542.371,4.610000000000014,0.0
19,0.033,,3.300000000000004e-05
19,0.229,0.166,0.0
19,0.5,0.15999999999999998,0.0
19,18.111,17.481,0.012926
19,24.081,5.75,0.000392
19,24.861,0.5399999999999991,0.0053339999999999985
19,33.541,8.629999999999995,0.0007200000000000019
19,34.161,0.3200000000000003,0.010472000000000002
19,41.711,7.371000000000002,0.0003270000000000009
19,52.261,10.269999999999996,0.026605000000000004
19,54.181,1.7100000000000009,0.0015049999999999925
19,58.881,4.539999999999999,0.0058909999999999935
19,116.241,56.86000000000001,0.016101000000000004
19,134.891,18.570000000000007,0.0008509999999999907
19,135.411,0.27000000000001023,0.006021999999999986
19,156.711,21.22999999999999,0.0006869999999999932
19,157.371,0.5299999999999727,0.02490300000000001
19,159.011,0.6299999999999955,0.026637999999999995
19,160.081,0.45999999999997954,0.0
19,160.371,0.15000000000000568,0.0005570000000000019
19,169.291,8.75,0.008116000000000012
19,172.671,3.2399999999999807,0.0004250000000000087
19,188.791,16.069999999999993,0.0
19,189.221,0.27000000000001023,0.011716000000000004
19,190.371,0.660000000000025,0.018424999999999997
19,195.141,4.439999999999998,0.0
19,205.411,10.180000000000007,0.0016690000000000038
19,205.591,0.14000000000001478,0.0
19,206.661,1.0699999999999932,0.00026199999999998447
19,208.471,1.7800000000000011,0.00022899999999997922
19,209.451,0.9199999999999875,0.0018329999999999735
19,211.401,1.8200000000000216,0.00042599999999998195
19,212.001,0.36000000000001364,0.010209999999999997
19,213.871,1.0600000000000023,0.0022579999999999822
19,214.061,0.15000000000000568,0.0
19,273.051,58.84,0.018359000000000014
19,275.231,0.9500000000000455,0.05811900000000003
19,305.621,29.30000000000001,0.05566500000000002
19,306.801,0.3199999999999932,0.035474000000000006
19,307.091,0.1500000000000341,0.00013099999999999223
19,307.461,0.15999999999996817,0.003795999999999966
19,307.861,0.3100000000000023,0.0010149999999999881
19,400.601,92.59000000000003,0.004711999999999994
19,400.861,0.14999999999997726,0.0
19,451.261,49.43000000000001,0.020126000000000033
19,452.131,0.7299999999999613,0.0
19,459.881,7.75,0.0
19,460.901,0.27000000000003865,0.02238400000000007
19,462.031,0.5199999999999818,0.012140999999999957
19,475.721,13.45999999999998,0.0005560000000000009
19,493.311,17.529999999999973,0.000164000000000053
19,494.981,1.5,0.012925999999999993
20,0.063,,0.00019599999999999997
20,3.521,2.638,0.013548000000000001
20,4.781,1.08,9.89999999999984e-05
20,5.431,0.6500000000000004,0.0
20,6.021,0.5899999999999999,0.0
20,33.372,27.339999999999996,0.00013000000000000164
20,33.641,0.20900000000000318,0.0012439999999999986
20,35.701,1.8599999999999994,0.0017350000000000004
20,36.121,0.2600000000000051,0.005891
20,36.681,0.25,0.0031739999999999963
20,40.391,3.269999999999996,0.014823999999999997
20,41.211,0.5700000000000003,0.0003270000000000009
20,42.501,0.8599999999999994,0.033443999999999995
20,43.461,0.28999999999999915,0.008540999999999993
20,44.041,0.3200000000000003,0.0
20,46.911,2.8300000000000054,0.0008510000000000045
20,53.171,6.229999999999997,0.0002939999999999887
20,112.021,58.82,0.0
20,150.971,38.769999999999996,0.008868000000000015
20,152.861,1.7199999999999989,0.0014399999999999968
20,153.201,0.2300000000000182,0.0028479999999999894
20,157.931,4.649999999999977,0.001702000000000009
20,163.951,5.920000000000016,0.0010469999999999924
20,167.791,3.759999999999991,0.0005239999999999967
20,169.001,0.8600000000000136,0.00553099999999998
20,200.531,31.409999999999997,0.0005570000000000019
20,201.052,0.47100000000000364,0.0
20,201.261,0.18900000000002137,0.0006869999999999932
20,202.161,0.789999999999992,0.0005570000000000019
20,202.461,0.25,0.00016299999999999648
20,218.541,15.810000000000002,0.00854100000000002
20,220.241,1.1599999999999966,0.014464000000000005
20,236.441,16.049999999999983,0.0010469999999999924
20,249.341,12.629999999999995,0.011355999999999977
20,264.751,15.019999999999982,0.0
20,270.071,5.270000000000039,0.005104999999999998
20,286.861,16.0,0.017901
20,308.051,20.909999999999968,0.0
20,360.251,52.19999999999999,0.0
20,360.721,0.16100000000000136,0.008018000000000025
20,371.061,10.169999999999959,0.0
20,376.981,5.840000000000032,0.009456999999999993
20,377.451,0.21999999999997044,0.00013099999999999223
20,378.951,1.4599999999999795,0.0007849999999999802
20,380.311,1.0699999999999932,0.00778899999999999
20,380.791,0.2799999999999727,0.0
20,386.681,5.889999999999986,0.0009160000000000279
20,386.901,0.13999999999998636,0.0
20,388.261,1.1800000000000068,0.03953200000000001
20,390.421,1.6800000000000068,0.0048759999999999915
20,401.141,9.96999999999997,0.03877900000000001
20,403.181,1.3799999999999955,0.024838000000000027
20,403.611,0.13999999999998636,0.0005560000000000009
20,403.801,0.1500000000000341,0.0013090000000000046
20,404.161,0.20000000000004547,0.0010479999999999934
20,404.391,0.18999999999999773,0.0
20,409.711,5.180000000000007,0.002618000000000009
20,409.891,0.1400000000000432,0.00016300000000002424
20,410.341,0.39999999999997726,0.0004909999999999637
20,410.991,0.3299999999999841,0.015903999999999974
20,430.821,18.910000000000025,0.048530999999999935
20,431.251,0.3199999999999932,0.0
20,441.291,10.010000000000048,0.0015049999999999786
20,443.091,1.7200000000000273,0.0011129999999999196
20,443.481,0.29000000000002046,0.0005560000000000009
20,446.551,2.6899999999999977,0.007166000000000006
20,462.931,16.210000000000036,0.0005890000000000617
20,484.641,21.349999999999966,0.010210000000000052
20,572.501,87.63999999999999,0.0005560000000000009
20,575.101,2.4300000000000637,0.007429000000000019
20,726.511,151.20999999999992,0.0
20,739.811,13.300000000000068,0.0
21,40.271,,0.006577999999999999
21,84.841,44.3,0.0006869999999999984
21,90.401,5.47999999999999,0.00042500000000000003
21,127.991,36.81,0.023464
21,148.651,20.360000000000014,0.0012770000000000004
21,149.321,0.5900000000000034,0.0012109999999999968
21,151.551,2.1000000000000227,0.007918999999999995
21,152.391,0.47999999999998977,0.01253399999999999
21,161.111,8.409999999999997,0.004942000000000002
21,163.161,1.8199999999999932,0.003469
21,164.081,0.3400000000000034,0.024741
21,174.411,10.150000000000006,0.0
21,176.111,1.509999999999991,0.026833999999999997
21,178.261,1.7699999999999818,0.0
21,178.851,0.46999999999999886,0.004351999999999995
21,179.801,0.9000000000000057,0.0008179999999999854
21,185.161,5.180000000000007,0.007428999999999991
21,190.251,4.920000000000016,0.00212699999999999
21,191.461,0.20000000000001705,0.072878
21,200.531,8.189999999999998,0.03900799999999999
21,206.851,5.1200000000000045,0.028864
21,207.461,0.3200000000000216,0.00029399999999996096
21,212.861,5.369999999999976,0.0015710000000000446
21,214.061,0.5099999999999909,0.030204999999999982
21,222.431,8.160000000000025,0.0
21,232.361,9.359999999999985,0.023626999999999954
21,250.551,18.049999999999983,0.0037960000000000216
21,280.861,29.98999999999998,0.021499999999999964
21,281.211,0.15899999999999181,0.0
21,281.661,0.4300000000000068,0.00042599999999998195
21,341.931,60.08000000000004,0.010078999999999949
21,342.351,0.17000000000001592,0.0
21,383.981,41.56999999999999,0.016100999999999976
21,388.071,3.240000000000009,0.018718999999999986
21,388.321,0.1400000000000432,0.0
21,396.631,8.199999999999989,0.012925999999999993
21,414.021,17.069999999999993,0.00425399999999998
21,418.301,3.9399999999999977,0.020093000000000028
21,419.221,0.5699999999999932,0.018325999999999953
21,420.311,0.589999999999975,0.009425000000000017
21,420.511,0.1400000000000432,0.00013099999999999223
21,461.031,40.37099999999998,0.020517999999999925
21,477.441,15.989999999999952,0.0045480000000001075
21,478.661,1.1100000000000136,0.0
21,478.921,0.2599999999999909,0.0
21,484.931,6.009999999999991,0.0
21,524.111,39.18000000000001,0.0
22,0.044,,0.0
22,0.21,0.16599999999999998,0.0
22,0.6,0.16399999999999998,0.0
22,8.471,7.851000000000001,0.0004909999999999999
22,13.921,5.021000000000001,0.010013999999999999
22,78.201,64.09,0.0005229999999999992
22,79.361,0.9000000000000057,0.025623
22,85.191,5.349999999999994,0.0028469999999999954
22,89.301,3.8700000000000045,0.023594999999999998
22,109.341,19.689999999999998,0.0020949999999999996
22,111.951,2.1200000000000045,0.009457000000000007
22,117.291,4.920000000000002,0.019373
22,130.471,12.789999999999992,0.018588000000000007
22,134.021,3.3200000000000216,0.007657999999999998
22,137.701,3.319999999999993,0.005562999999999985
22,138.821,0.9200000000000159,0.0008179999999999854
22,140.201,1.228999999999985,0.0
22,151.441,11.240000000000009,0.0
22,151.831,0.13999999999998636,0.01138900000000001
22,152.571,0.28000000000000114,0.0
22,156.651,3.7299999999999898,0.028536000000000006
22,157.011,0.13999999999998636,9.800000000001474e-05
22,191.171,33.94999999999999,0.016919000000000017
22,206.591,15.170000000000016,0.012730000000000019
22,207.131,0.2600000000000193,0.0003599999999999992
22,227.131,19.870000000000005,0.02182700000000004
22,240.831,13.400000000000006,0.00029400000000001647
22,280.551,39.339999999999975,0.043491
22,291.321,9.990000000000009,0.004091000000000011
22,295.491,3.3799999999999955,0.03249599999999997
22,296.701,0.22000000000002728,0.04185500000000003
22,297.971,0.9300000000000068,0.0
22,298.501,0.2400000000000091,0.02123799999999998
22,449.481,150.32000000000005,0.013974000000000042
22,449.801,0.13999999999998636,0.0
22,484.881,35.04000000000002,0.0034359999999999946
22,488.661,3.7200000000000273,0.00016300000000002424
22,576.031,87.29000000000002,0.005498000000000003
22,578.301,2.009999999999991,0.003369999999999984
22,594.971,16.379999999999995,0.014398999999999995
22,604.021,8.75,0.001603000000000021
22,721.471,117.36000000000001,0.0005560000000000009
22,721.951,0.43000000000006366,0.0016689999999999205
22,727.451,5.240000000000009,0.002290999999999932
22,727.661,0.15999999999996817,0.0
22,728.431,0.37000000000000455,0.06571099999999996
22,729.561,0.36000000000001364,0.0
22,729.881,0.2799999999999727,0.0027810000000000334
22,730.811,0.7900000000000773,0.00019700000000000273
22,735.951,5.1200000000000045,0.0005570000000000297
23,17.281,,0.0004909999999999992
23,17.811,0.43000000000000327,0.0061189999999999994
23,26.751,8.190000000000001,0.06859100000000001
23,32.341,4.639999999999997,0.023399000000000003
23,48.641,16.1,0.001243000000000008
23,51.131,2.4199999999999946,0.0006219999999999976
23,65.301,13.969999999999999,0.032299999999999995
23,66.171,0.5300000000000011,0.005334000000000005
23,67.091,0.3299999999999983,0.025001999999999996
23,75.371,7.739999999999995,0.0018650000000000055
23,110.791,35.120000000000005,0.0037629999999999886
23,111.851,0.23000000000000398,0.12461700000000003
23,115.881,2.6099999999999994,0.034851999999999994
23,116.341,0.13999999999998636,0.0003930000000000322
23,128.461,12.030000000000015,0.0033709999999999574
23,128.971,0.28000000000000114,0.014367000000000019
23,129.621,0.1599999999999966,0.026344000000000034
23,130.541,0.4199999999999875,0.0010470000000000201
23,130.731,0.13999999999998636,0.0
23,132.572,1.7300000000000182,0.019601999999999953
23,133.721,0.5200000000000102,0.007363000000000008
23,184.571,50.660000000000025,0.030760999999999983
23,262.631,77.51000000000002,0.003369999999999984
23,262.821,0.1400000000000432,0.0
23,264.281,0.839999999999975,0.04349100000000006
23,266.501,1.6800000000000068,0.0037960000000000216
23,273.611,6.410000000000025,0.03419700000000003
23,274.251,0.4900000000000091,0.0015700000000000713
23,274.511,0.13999999999998636,0.00042600000000003746
23,274.841,0.30000000000001137,0.00019700000000000273
23,276.411,1.5399999999999636,0.0002949999999999342
23,276.931,0.46999999999997044,0.003665999999999947
23,285.871,8.680000000000007,0.005334000000000061
23,288.121,1.9399999999999977,0.0071670000000000345
23,288.601,0.25,0.0045159999999999645
23,302.031,13.200000000000045,0.0009169999999999456
23,326.081,24.0,0.0
23,327.791,1.6800000000000068,0.0007530000000000037
23,401.281,73.43,0.0005899999999999794
23,404.611,3.2899999999999636,0.00036000000000002697
23,416.281,11.490000000000009,0.0018660000000000343
23,440.331,23.989999999999952,0.0006549999999999612
23,515.101,74.72000000000003,9.80000000000425e-05
23,523.051,7.659999999999968,0.03308500000000003
23,523.601,0.13999999999998636,0.0018659999999999233
23,525.381,1.4499999999999318,0.018947999999999965
23,527.771,2.2799999999999727,0.0
23,528.781,1.009999999999991,0.0
23,529.351,0.4900000000000091,0.005693999999999977
23,530.211,0.39999999999997726,0.00422100000000003
23,541.061,10.600000000000023,0.005726999999999927
23,554.981,13.5,0.0017020000000000923
23,555.461,0.4500000000000455,0.00016300000000002424
23,558.231,2.67999999999995,0.002650999999999959
23,559.641,1.3399999999999181,0.0
23,560.421,0.7400000000000091,0.0039599999999999635
23,603.201,42.42000000000007,0.02078000000000002
23,603.721,0.21000000000003638,0.015773999999999955
23,608.041,4.159999999999968,0.0010470000000000201
24,0.618,,0.07189699999999999
24,6.081,4.48,0.027849
24,6.471,0.21999999999999975,0.0004580000000000001
24,14.591,7.69,0.04015400000000001
24,20.381,5.359999999999998,0.018423999999999996
24,163.181,142.67000000000002,0.00022900000000000698
24,163.881,0.5099999999999909,0.0035670000000000146
24,198.251,34.25,0.0011120000000000019
24,209.361,10.949999999999989,0.058348999999999984
24,237.441,25.619999999999976,0.006120000000000014
24,244.791,6.920000000000016,0.003795999999999966
24,245.501,0.4399999999999977,0.02166399999999996
24,247.461,1.4699999999999989,0.01655899999999999
24,253.991,6.210000000000008,0.0070029999999999815
24,265.931,11.699999999999989,0.004449999999999954
24,275.731,9.680000000000007,0.005660999999999972
24,294.941,18.879999999999995,0.0018980000000000108
24,308.091,12.980000000000018,0.009784999999999988
24,309.751,1.4599999999999795,0.02130399999999999
24,310.691,0.3299999999999841,0.02987799999999996
24,312.501,1.5600000000000023,0.020453
24,315.111,2.340000000000032,0.00022900000000003473
24,317.191,2.0300000000000296,0.0010470000000000201
24,367.091,49.870000000000005,0.0
24,368.251,1.1100000000000136,0.00036000000000002697
24,369.191,0.9399999999999977,0.0
24,373.861,4.560000000000002,0.0038940000000000086
24,379.041,4.850000000000023,0.02159899999999998
24,379.851,0.45999999999997954,0.0008839999999999959
24,386.031,5.8799999999999955,0.02457699999999996
24,386.521,0.13999999999998636,0.012925999999999993
24,387.161,0.36000000000001364,0.021073999999999926
24,785.001,397.42,0.00962099999999999
24,789.861,4.090000000000032,0.01335200000000003
24,796.121,5.980000000000018,0.00909800000000005
24,849.261,52.99000000000001,0.0025199999999999667
24,849.961,0.2400000000000091,0.021139999999999937
24,869.891,19.24000000000001,0.0023559999999999137
24,870.661,0.67999999999995,0.0012760000000000549
24,870.861,0.13999999999998636,0.0
24,894.511,23.50999999999999,0.013646000000000047
24,915.201,20.33000000000004,0.00026199999999998447
24,919.021,3.659999999999968,0.01115900000000003
24,919.381,0.22000000000002728,0.0
24,921.561,2.019999999999982,0.011388000000000065
24,931.131,9.159999999999968,0.02352999999999994
25,0.168,,9.900000000000002e-05
25,0.557,0.25200000000000006,6.599999999999998e-05
25,32.921,32.2,9.8e-05
25,61.351,28.42,0.0
25,62.031,0.6199999999999974,0.0015050000000000011
25,63.221,0.9399999999999977,0.024772
25,100.351,36.42,0.007462000000000003
25,101.551,0.8900000000000006,0.0017669999999999977
25,102.601,0.75,0.005269000000000003
25,111.121,8.179999999999993,0.013974
25,122.091,10.790000000000006,0.0017009999999999942
25,126.781,4.469999999999999,0.0013090000000000046
25,127.511,0.6899999999999977,0.0006209999999999966
25,128.571,0.9499999999999886,0.004908999999999997
25,143.681,14.890000000000015,0.0009489999999999915
25,162.381,18.680000000000007,0.0003599999999999992
25,162.661,0.21000000000000796,0.0004250000000000087
25,163.201,0.3299999999999841,0.0032070000000000015
25,171.521,8.070000000000022,0.0027820000000000067
25,172.991,0.9000000000000057,0.017737000000000003
25,178.431,5.180000000000007,0.004975000000000007
25,224.631,45.93000000000001,0.0005890000000000062
25,267.381,42.59,0.011225000000000013
25,363.441,95.80000000000001,0.0071340000000000015
25,370.381,6.579999999999984,0.009392000000000011
25,380.631,10.079999999999984,0.005268999999999996
25,381.851,0.9800000000000182,0.0010470000000000201
25,386.171,3.6999999999999886,0.018227999999999994
25,389.581,3.25,0.0008180000000000132
25,414.711,25.100000000000023,0.0007520000000000027
25,521.141,106.29999999999995,0.0003599999999999992
25,550.801,29.469999999999914,0.015347999999999973
25,555.991,4.9500000000000455,0.005464999999999998
25,557.801,1.5599999999999454,0.0009489999999999776
25,558.191,0.14999999999997726,0.013548000000000004
25,1864.331,1306.02,0.0
25,1864.6209,0.25,0.00212699999999999
25,1872.7409,7.1099999999999,0.035407999999999995
25,1877.791,4.710000000000036,0.00029400000000001647
25,1877.951,0.14000000000010004,0.0
25,1879.331,1.269900000000007,0.014268999999999976
25,1879.951,0.14000000000010004,0.0
25,1997.811,117.43990000000008,0.013025000000000009
25,2009.8509,11.899999999999864,0.0007519999999999749
25,2063.051,53.149999999999864,0.0
25,2071.7209,8.66989999999987,0.0
25,2072.341,0.4600000000000364,0.007527000000000006
25,2081.5109,8.960000000000036,0.0007849999999999802
25,2083.7209,2.139900000000125,0.0022909999999999875
25,2085.4409,1.4800000000000182,0.00035999999999997145
25,2131.2209,45.34010000000035,0.024935999999999958
25,2131.571,0.15020000000004075,0.0
25,2137.3911,5.609899999999925,0.0049739999999999784
25,2207.051,69.58010000000013,0.0020620000000000083
25,2207.5209,0.3200000000001637,0.0007199999999999984
25,2218.7709,11.169900000000325,9.799999999998699e-05
25,2221.7109,2.8000999999999294,0.005203000000000013
25,2270.9709,49.23000000000002,0.0
25,2291.561,20.5300000000002,0.004908999999999997
25,2291.841,0.17020000000002256,0.0
25,2294.811,2.790100000000166,0.0032070000000000154
25,2297.111,2.1700000000000728,0.004842999999999931
25,2303.1708,5.929900000000089,0.0011779999999999013
25,2303.551,0.2800000000002001,0.0018329999999999735
25,2309.4909,5.649900000000343,0.003338000000000063
25,2317.1909,7.609899999999925,0.0010149999999999881
25,2319.1508,1.75,0.010176999999999992
25,2336.2409,16.64989999999989,0.007886999999999977
25,2343.4509,6.929900000000089,0.0016360000000000818
25,2344.081,0.5401000000001659,0.0011120000000000019
25,2349.9709,5.629800000000159,0.00317400000000001
25,2688.4208,338.3100999999997,0.007265000000000077
25,2690.3811,1.8200999999999112,0.0
25,2690.581,0.19990000000007058,0.00026199999999998447
25,2702.841,12.210000000000036,0.00019599999999997397
25,2733.7309,30.799799999999777,0.003697999999999979
25,2734.801,0.8600999999998749,0.0016359999999999708
25,2801.9108,67.02970000000005,0.0
25,2815.091,13.180199999999786,0.0
26,0.053,,0.0
26,0.332,0.279,0.0
26,0.606,0.27399999999999997,0.0
26,2.081,1.295,0.010439
26,14.131,11.89,0.00016400000000000095
26,16.031,1.8399999999999999,0.0031750000000000007
26,16.721,0.5700000000000003,0.0
26,17.831,0.9600000000000009,0.003894999999999999
26,23.461,5.050000000000001,0.026115000000000003
26,24.061,0.14000000000000057,0.0017339999999999994
26,49.311,25.209999999999997,0.00016399999999999748
26,261.551,212.14000000000001,0.046044
26,262.871,0.15999999999996817,0.011094000000000007
26,305.411,42.14999999999998,0.014790999999999999
26,307.441,1.839999999999975,0.0004900000000000182
26,318.891,11.279999999999973,0.0018650000000000055
26,341.411,22.33000000000004,0.009326000000000001
26,416.231,74.66000000000003,0.0021589999999999943
26,419.911,3.6200000000000045,9.900000000001574e-05
26,421.721,1.7900000000000205,0.0002949999999999897
26,430.761,9.0,0.0010800000000000254
26,433.491,2.6200000000000045,0.0
26,433.971,0.19999999999998863,0.007494000000000001
26,434.931,0.3599999999999568,0.023398999999999975
26,459.411,23.930000000000007,0.022220000000000018
26,460.331,0.410000000000025,0.002029000000000003
26,525.311,64.83000000000004,0.009326000000000001
26,527.481,1.330000000000041,0.025230999999999948
26,528.051,0.2800000000000864,0.0
26,528.461,0.13999999999998636,0.005203000000000013
26,541.401,12.730000000000018,0.014104999999999979
26,543.211,1.5900000000000318,0.00022899999999997922
26,545.101,1.57000000000005,0.03544200000000003
26,546.771,0.7100000000000364,0.01783499999999999
26,547.771,0.5,0.0017999999999999683
26,551.281,3.3799999999999955,0.003927000000000014
26,578.371,26.789999999999964,0.00212699999999999
26,578.561,0.15000000000009095,0.0
26,587.121,8.559999999999945,0.0009159999999999724
26,639.201,51.94999999999993,0.0019959999999999978
26,641.321,1.82000000000005,0.010144000000000042
26,642.241,0.35999999999989996,0.018359000000000014
26,653.221,10.68999999999994,0.012566000000000022
26,671.791,18.230000000000018,0.016101000000000032
26,672.301,0.15000000000009095,0.0
26,672.871,0.4199999999999591,0.01865300000000003
26,673.291,0.15000000000009095,0.0
26,703.011,29.719999999999914,0.0
26,703.401,0.20000000000004547,0.06387900000000002
26,704.601,0.5099999999999909,0.006773999999999947
26,768.781,64.04899999999998,0.0
26,783.401,14.620000000000005,0.0
27,0.03,,0.0012759999999999998
27,0.931,0.16900000000000004,0.001571
27,2.931,1.7999999999999998,0.008312
27,6.171,3.13,0.0013740000000000002
27,8.141,1.790000000000001,0.010013999999999999
27,8.571,0.14000000000000057,0.0015049999999999994
27,9.241,0.5,0.0012429999999999941
27,10.111,0.6399999999999988,0.0020939999999999986
27,10.641,0.25,0.002682999999999998
27,15.301,4.550000000000001,0.0003270000000000009
27,92.121,76.38,0.016722999999999995
27,93.161,0.7400000000000091,0.00032799999999999496
27,93.681,0.39000000000000057,0.028863
27,94.291,0.25,0.0
27,94.891,0.15000000000000568,0.033509999999999984
27,97.701,2.4200000000000017,0.004975000000000007
27,121.741,23.42,0.052719000000000016
27,125.131,2.8599999999999994,0.0010470000000000201
27,134.271,8.98999999999998,0.0
27,137.081,2.700000000000017,0.04113499999999998
27,170.671,32.84,0.0016690000000000316
27,172.821,1.839999999999975,0.02022400000000002
27,283.551,110.48999999999998,0.00045800000000001395
27,283.991,0.2389999999999759,0.003534999999999955
27,285.231,1.1299999999999955,0.003141000000000005
27,337.761,52.379999999999995,0.0012439999999999674
27,353.151,15.069999999999993,0.05625399999999997
27,399.441,45.73000000000002,0.0012440000000000229
27,418.121,18.639999999999986,0.00026199999999998447
27,418.901,0.44999999999998863,0.01629699999999995
27,479.591,60.160000000000025,0.0011460000000000359
27,481.741,1.3799999999999955,0.046306000000000014
27,488.371,5.720000000000027,0.006249999999999978
27,489.171,0.44999999999998863,0.03776499999999999
27,508.911,18.939999999999998,0.005367000000000011
27,509.921,0.7699999999999818,0.0010799999999999699
27,517.101,7.130000000000052,0.0012429999999999941
27,524.201,6.990000000000009,0.0016359999999999708
27,530.001,5.470000000000027,0.036161
27,546.881,16.38000000000011,0.0015050000000000896
27,547.331,0.39999999999997726,0.00052400000000008
27,583.351,35.950000000000045,0.004056999999999977
27,592.251,8.529999999999973,0.013483000000000023
27,592.801,0.14999999999997726,0.0004589999999999872
27,617.581,24.67999999999995,0.001735000000000042
27,638.041,20.440000000000055,0.0
28,0.015,,0.0
28,0.267,0.14200000000000002,0.0
28,0.411,0.14399999999999996,0.0
28,0.62,0.15799999999999997,0.0
28,20.341,19.331,0.013318999999999998
28,39.001,18.49,0.0
28,39.401,0.28000000000000114,0.0016690000000000003
28,39.751,0.28999999999999915,0.0008510000000000045
28,40.191,0.18999999999999773,0.007560000000000004
28,41.221,0.3299999999999983,0.019471000000000002
28,54.411,12.950000000000003,0.0001310000000000061
28,62.581,8.04,0.010766000000000012
28,63.251,0.259999999999998,0.005824999999999997
28,65.511,1.740000000000002,0.0024869999999999892
28,65.821,0.21000000000000796,0.0017350000000000004
28,66.231,0.3199999999999932,0.0016359999999999986
28,70.081,3.5700000000000074,0.007560000000000011
28,217.361,146.58999999999997,0.0003599999999999992
28,225.071,7.52000000000001,0.025198000000000012
28,232.731,6.909999999999997,0.0009160000000000001
28,234.601,1.7799999999999727,0.0035340000000000094
28,235.471,0.7599999999999909,0.0018320000000000003
28,237.061,1.450000000000017,0.004417000000000004
28,243.691,6.349999999999994,0.0011790000000000134
28,245.761,2.0600000000000023,0.00039300000000000446
28,246.201,0.4000000000000057,0.0013420000000000099
28,247.171,0.8199999999999932,0.0007530000000000037
28,247.411,0.2400000000000091,0.00019600000000000173
28,265.891,18.150000000000006,0.04175699999999999
28,358.901,92.37,0.005891000000000007
28,359.341,0.25,0.0
28,483.801,124.45999999999998,0.0015379999999999838
28,485.751,1.6100000000000136,0.009425000000000017
28,496.732,10.811000000000035,0.0
28,501.031,4.1089999999999804,0.025917999999999997
28,522.391,20.45999999999998,0.005496999999999974
28,565.371,42.879999999999995,9.80000000000425e-05
28,566.131,0.43000000000006366,0.09814200000000001
28,576.981,9.350000000000023,0.007558999999999982
28,580.251,3.17999999999995,0.0
28,595.821,15.550000000000068,0.00042599999999998195
28,596.811,0.7899999999999636,0.009425000000000017
28,602.001,4.709999999999923,0.037273999999999974
28,603.711,1.2900000000000773,0.014954999999999996
28,635.301,31.379999999999995,0.001406999999999936
28,637.701,2.2200000000000273,0.0046800000000000175
28,675.191,37.42000000000007,0.0005890000000000617
28,675.961,0.4600000000000364,0.006938
28,693.721,17.600000000000023,0.004450999999999983
28,693.921,0.14000000000010004,0.0
28,697.041,2.9899999999998954,0.009000000000000008
28,710.851,13.349999999999909,0.004450999999999983
28,714.021,2.7299999999999045,0.03495000000000004
28,743.691,28.8599999999999,0.0023889999999999745
28,762.981,19.039999999999964,0.0
28,782.971,19.99000000000001,0.0
29,8.741,,0.0008840000000000002
29,9.661,0.7000000000000011,0.004713
29,21.271,11.24,0.009325999999999997
29,24.421,2.5799999999999983,0.013481999999999997
29,25.531,0.7199999999999989,0.0009489999999999985
29,30.101,4.43,0.032758
29,49.981,18.95,0.01875199999999999
29,50.961,0.6099999999999994,0.035277
29,60.401,9.010000000000005,0.0011780000000000124
29,63.821,3.280000000000001,0.0011450000000000071
29,64.541,0.6600000000000037,0.0011450000000000071
29,64.981,0.25,0.0009819999999999829
29,65.351,0.1599999999999966,0.0010799999999999976
29,70.261,4.748999999999995,0.0014399999999999968
29,70.621,0.3199999999999932,0.0
29,77.891,7.140000000000001,0.004156000000000021
29,82.591,4.390000000000001,0.0013090000000000046
29,88.961,6.3089999999999975,0.0004579999999999862
29,90.371,1.3199999999999932,0.005824999999999997
29,92.741,1.7800000000000011,0.03076100000000001
29,100.951,7.8700000000000045,0.00467999999999999
29,105.471,4.439999999999998,0.0
29,108.731,3.1899999999999977,0.0011459999999999804
29,109.241,0.269999999999996,0.016230999999999995
29,110.211,0.5100000000000051,0.01331899999999997
29,122.261,11.840000000000003,0.020191000000000014
29,123.931,0.9500000000000028,0.02042000000000005
29,129.131,4.999999999999986,0.002224999999999977
29,134.551,5.289999999999992,0.009784999999999988
29,136.311,1.589999999999975,0.00026199999999998447
29,149.381,12.859999999999985,0.005071999999999965
29,225.911,76.45000000000002,9.799999999998699e-05
29,228.291,2.259999999999991,0.012402999999999997
29,229.181,0.46000000000000796,0.001701000000000008
29,231.301,2.019999999999982,0.0008839999999999959
29,239.781,8.460000000000008,0.0
29,273.481,33.110000000000014,0.06044200000000005
29,397.641,123.26000000000005,9.799999999998699e-05
29,398.421,0.7199999999999704,0.0003930000000000322
29,468.861,70.44,0.0
29,469.021,0.13999999999998636,0.0008509999999999907
29,469.541,0.4500000000000455,0.0024540000000000117
29,469.731,0.13999999999998636,0.0
29,474.991,4.5,0.02137
29,476.921,1.67999999999995,0.0009160000000000279
29,480.701,3.390000000000043,0.013187999999999978
29,482.411,1.4599999999999795,0.0014069999999999916
29,489.471,6.8700000000000045,0.008868000000000043
29,494.011,4.2099999999999795,0.016852999999999896
29,496.491,1.9499999999999886,0.029584000000000055
29,501.081,3.9499999999999886,0.01613399999999998
29,501.311,0.13999999999998636,0.0
29,525.121,23.78000000000003,0.002978000000000036
29,525.331,0.13999999999998636,0.0
29,526.671,1.3299999999999272,0.0006220000000000114
29,527.441,0.5099999999999909,0.0022259999999999502
29,530.421,2.8500000000000227,0.0036000000000000476
29,534.141,3.5,0.0013419999999999543
29,535.121,0.8899999999999864,0.004090000000000038
29,607.711,72.50999999999999,0.0
29,641.451,33.74000000000001,0.0
30,0.002,,9.8e-05
30,0.666,0.136,6.499999999999995e-05
30,10.731,9.887,0.010341
30,11.821,0.37900000000000134,0.029322
30,37.601,25.369999999999997,0.0007199999999999984
30,38.731,1.0300000000000011,0.002029000000000003
30,61.601,22.729999999999997,0.0002620000000000053
30,62.451,0.7899999999999991,0.0026179999999999953
30,63.171,0.46000000000000085,0.0017019999999999952
30,63.601,0.259999999999998,0.0019300000000000012
30,77.891,14.18,0.009751999999999997
30,84.811,6.710000000000008,0.0007530000000000037
30,85.861,0.9900000000000091,0.0
30,89.641,3.75,0.0018650000000000055
30,94.241,4.38000000000001,0.03125199999999999
30,95.391,0.6400000000000006,0.004614999999999994
30,95.741,0.14000000000000057,0.02689999999999998
30,99.221,2.1099999999999994,0.04889099999999999
30,120.481,20.53,0.0
30,120.781,0.2400000000000091,0.0010469999999999924
30,122.791,1.9699999999999989,0.0006870000000000209
30,123.481,0.2400000000000091,0.050395999999999996
30,124.311,0.2599999999999909,0.008933999999999997
30,127.121,2.450000000000003,0.003141999999999978
30,130.961,3.7700000000000102,0.0
30,133.651,2.079999999999984,0.05068999999999996
30,134.701,0.13999999999998636,0.03187399999999996
30,135.281,0.3400000000000034,0.0016039999999999943
30,135.881,0.21999999999999886,0.0026510000000000145
30,140.151,4.199999999999989,0.0006869999999999932
30,142.571,2.3000000000000114,0.005726000000000009
30,154.821,11.75,0.007035999999999987
30,155.231,0.14999999999997726,0.0011450000000000071
30,161.631,6.220000000000027,0.01204299999999997
30,162.181,0.15000000000000568,9.799999999998699e-05
30,179.541,17.25,0.0010469999999999646
30,180.381,0.8000000000000114,9.799999999998699e-05
30,193.731,13.320000000000022,0.00045799999999995844
30,194.261,0.46999999999999886,0.003043999999999991
30,200.771,6.180000000000007,0.014922000000000046
30,233.841,32.97,0.0
30,265.021,31.180000000000007,0.0
30,265.841,0.7400000000000091,0.006020999999999999
30,266.571,0.18000000000000682,0.007689999999999975
30,267.521,0.5800000000000409,0.0071989999999999554
30,276.421,8.680000000000007,0.009163000000000032
30,277.281,0.6299999999999955,0.0010469999999999646
30,277.531,0.15999999999996817,0.0007849999999999802
30,293.031,15.470000000000027,0.0
30,295.091,1.9699999999999704,0.003469
30,295.621,0.1490000000000009,0.019112000000000018
30,441.841,145.70000000000005,0.007788999999999935
30,454.971,12.600000000000023,0.004842999999999931
30,459.511,4.199999999999989,0.010472000000000037
30,460.261,0.4700000000000273,0.0
30,471.271,10.919999999999959,0.019013999999999975
30,473.751,1.9599999999999795,0.006512999999999991
30,474.301,0.1400000000000432,0.0229069999999999
30,474.761,0.21000000000003638,0.0
30,475.341,0.5799999999999841,0.0008510000000000462
30,528.491,53.02999999999997,0.0
30,543.771,15.279999999999973,0.0
30,555.941,12.170000000000073,0.0
